1	24061361	第1章 D

2	24061362	第2章 牧場往事

3	24061363	第3章 熱湯面

4	24061364	第4章 故勒頓

5	24061365	第5章 后山

6	24061366	第6章 賺到的第一筆錢

7	24061367	第7章 開局撿到神獸是種什么體驗

8	24061368	第8章 過去之神 故勒頓

9	24061369	第9章 故勒頓倒拔垂楊柳

10	24061370	第10章 魚群

11	24061371	第11章 綠毛蟲專屬強化

12	24061372	第12章 蟲絲的強化效果

13	24061373	第13章 種田,還是種田

14	24061374	第14章 牧場的新成員+1

15	24061375	第15章 魚遭老罪了

16	24061376	第16章 特殊的料理,綠毛蟲的變化

17	24061377	第17章 過去的摩托蜥,未來的故勒頓

18	24061378	第18章 倒霉的訓練家

19	24061379	第19章 綠毛蟲vs信使鳥

20	24061380	第20章 建造雞小屋

21	24061381	第21章 牧場主?資本家

22	24061382	第22章 人類無法食用的料理

23	24061383	第23章 雞

24	24061384	第24章 美味的霜奶仙

25	24061385	第25章 逐漸熱鬧起來的牧場

26	24061386	第26章 焦糖風味的奶油水果蛋糕

27	24061387	第27章 雞哥的專屬強化

28	24061388	第28章 意外來客

29	24061389	第29章 決意

30	24061390	第30章 朱紫之書

31	24061391	第31章 可視電話

32	24061392	第32章 熟悉

33	24061393	第33章 大鍋湖的寶可夢們

34	24061394	第34章 神秘的寶可夢

35	24061395	第35章 目標的選擇

36	24061396	第36章 釣鹽石寶

37	24061397	第37章 肥大

38	24061398	第38章 努力與收獲

39	24061399	第39章 S級的牛奶粥

40	24061400	第40章 鹽石寶,入駐

41	24061401	第41章 坐騎小羊向我證明你的實力吧

42	24061402	第42章 牧場的新成員+1+1+1

43	24061403	第43章 擠奶

44	24061404	第44章 笨龍先飛

45	24061405	第45章 羊奶到貨

46	24061406	第46章 羊奶品質upup

47	24061407	第47章 送貨員

48	24061408	第48章 坐騎小羊爆誕

49	24061409	第49章 摩托蜥與龍尾

50	24061410	第50章 穩步發展

51	24061411	第51章 快龍的決定

52	24061412	第52章 信

53	24061413	第53章 友人拜訪

54	24061414	第54章 收獲日

55	24061415	第55章 星與月之夜,鐵甲蛹之蛻變

56	24061416	第56章 櫻桃花酒會(4000)

57	24061417	第57章 你這料理吃了咋會噴火?

58	24061418	第58章 花酒會落幕

59	24061419	第59章 劍之王(偽)

60	24061420	第60章 快龍找到了竅門

61	24061421	第61章 祈雨一萬次,練成絕世神功(4000)

62	24061422	第62章 三蜜蜂與蜂蜜

63	24061423	第63章 小偷抓捕計劃

64	24061424	第64章 捕獲,月夜小偷(4000)

65	24061425	第65章 坐騎小羊的肥胖問題

66	24061426	第66章 喬伊小姐你這精靈合法嗎?

67	24061427	第67章 電話(4000)

68	24061428	第68章 電視

69	24061429	第69章 關于床被壓塌了這件事

70	24061430	第70章 學習寶芬

71	24061431	第71章 海豚與海豚俠

72	24061432	第72章 寶芬的效果

73	24061433	第73章 熊寶寶的秘密

74	24061434	第74章熊寶寶我被白嫖了?(4000)

75	24061435	第75章 特殊土壤

76	24061436	第76章 大奶罐

77	24061437	第77章 幸運布丁

78	24061438	第78章 好運

79	24061440	第79章 飛盤游戲

80	24061441	第80章 臺風過境

81	24061442	第81章 風雨夜,見證傳說

82	24061443	第82章 龍之舞

83	24061444	第83章 修繕工作

84	24061445	第84章 快龍母快龍只會影響我拔劍的速度

85	24061446	第85章 旅行熊熊為您帶回來了一件禮物

86	24061447	第86章 大奶罐的牛奶(4000)

87	24061448	第87章 你見過會發光的坐騎小羊嗎?

88	24061449	第88章 超級藤鞭

89	24061450	第89章 尋寶尋到牧場來了?

90	24061451	第90章 你愿意成為我的寶可夢嗎?

91	24061452	第91章 進化坐騎山羊誕生

92	24061453	第92章 名為青草領域

93	24061454	第93章 春日牛羊評比大賽

94	24061455	第94章 蜂蜜小面包

95	24061456	第95章 生日禮物

96	24061457	第96章 熊寶寶與“大俠”

97	24061458	第97章 旅行的熊

98	24061459	第98章 摩托蜥與快龍

99	24061460	第99章 世界那么大

100	24061461	第100章 離開前的準備

101	24061462	第101章 腳底抹油無敵的技能

102	24061463	第102章 花田

103	24061464	第103章 快龍想要回到快龍島?

104	24061465	第104章 龍王回歸之日(4000)

105	24061466	第105章 快龍的愛情

106	24061467	第106章 歸巢

107	24061468	第107章 沒有馬的日子里

108	24061469	第108章 準備

109	24061470	第109章 霜抹山

110	24061471	第110章 雪山上的奇怪訓練家(4000)

111	24061472	第111章 你怎么可能是個鄉下的農夫?

112	24061473	第112章 霜抹之手下的隱秘洞窟

113	24061474	第113章 冰伊布和冰雪石(4000)

114	24061475	第114章 熊寶寶的明信片(三更

115	24061476	第115章 好朋友

116	24061477	第116章 牧場中的發電問題

117	24061478	第117章 悠閑的一日

118	24061479	第118章 雨夜

119	24061480	第119章 吃醋的故勒頓

120	24061481	第120章 春季賽馬,開場

121	24061482	第121章 目標,靈幽馬與雪暴馬

122	24061483	第122章 蕾冠王的祠堂

123	24061484	第123章 熊寶寶的神秘禮物

124	24061485	第124章 傳說中的食材

125	24061486	第125章 超強的電の料理

126	24061487	第126章 為了北方神的榮耀

127	24061488	第127章 巨鍛匠趣聞

128	24061489	第128章 猛男震驚

129	24061490	卷末總結+D的寶可夢觀察筆記

130	24061491	第129章 夏日重現

131	24061492	第130章 奶油冰沙

132	24061493	第131章 夏日與螢火蟲夜

133	24061494	第132章 坐騎山羊懶不懶

134	24061495	第133章 青草試煉

135	24061496	第134章 青草蛋糕

136	24061497	第135章

137	24061498	第136章 痛并快樂著

138	24061499	第137章 樹果苗

139	24061500	第138章 勇氣蛋炒飯,鼓起勇氣來吧

140	24061501	第139章 被害妄想癥

141	24061502	第140章 山貨采摘、期中考試

142	24061503	第141章 小雞燉山蘑

143	24061504	第142章 訂奶客人喜加一

144	24061505	第143章 快龍送貨公司

145	24061506	第144章 管家寶可夢

146	24061507	第145章 傳教士D

147	24061508	第146章 我滴媽,怎么能有這么大的西瓜?

148	24061509	第147章 他真的,我哭死

149	24061510	第148章 蕾冠王的風,吹進千家萬戶中

150	24061511	第149章 為人父母

151	24061512	第150章 打工的地鼠

152	24061513	第151章 被青草試煉嚇到的挑戰者

153	24061514	第152章 大俠探險隊的緊急行動

154	24061515	第153章 在路上

155	24061516	第154章 土龍節節來幫忙

156	24061517	第155章 怪獸來了

157	24061518	第156章 它是來找人的

158	24061519	第157章 那人是誰?

159	24061520	第158章 去見它

160	24061521	第159章 龍島的守護神,誕生

161	24061522	第160章 于龍島之下

162	24061523	第161章 螢火蟲之夜

163	24061524	第162章 翻譯葵花籽能聽懂寶可夢說話了

164	24061525	第163章 西瓜騎士快龍—夏日限定

165	24061526	第164章 地鼠之家

166	24061527	第165章 發光菠蘿與大小隨心南瓜

167	24061528	第166章 大大小小

168	24061529	第167章 海島假期

169	24061530	第168章 和巨大快龍成朋友了

170	24061531	第169章 快龍的法天象地

171	24061532	第170章哈克龍快龍叔叔也是這樣被你捉到的嗎?

172	24061533	第171章 樂不思蜀

173	24061534	第172章 寶可夢酒館,開辦

174	24061535	第173章 月夜偷瓜刺猹

175	24061536	第174章 奧琳博士與派帕

176	24061537	第175章 我們的家

177	24061538	第176章 到訪的

178	24061539	第177章 酒館的第一位客人(4000)

179	24061540	第178章 爆炸爆米花

180	24061541	第179章 夏日祭

181	24061542	第180章 煙花

182	24061543	第181章 新家建成

183	24061544	第182章 禮物

184	24061545	第183章 智揮猩酒館

185	24061546	第184章 異變的奇跡種子

186	24061547	第185章 蕾冠王搬家現在就搬走(4000)

187	24061548	第186章 超夢又雙叒逆襲了

188	24061550	第187章 愛管侍兄妹

189	24061551	第188章 沒頭腦和不高興

190	24061552	第189章 愛管侍永遠記得這一天

191	24061553	第190章 家務小能手(兩張盒一)

192	24061554	第191章 感激之心

193	24061555	第192章 布土撥的披風

194	24061556	第193章 樂不思蜀x2(4000)

195	24061557	第194章 月亮、潮汐、快龍們

196	24061558	第195章 快龍速度公司的雛形

197	24061559	第196章 玻璃花房與手機洛托姆

198	24065442	第197章 在秘密花園里舉辦茶會

199	24067994	第198章 我喜歡故勒頓,還有大家

200	24068739	第199章 紅糖姜茶

201	24068740	第200章 好奇心

202	24070375	第201章 騎拉帝納、光與影

203	24070376	第202章 騎拉帝納攻略計劃

204	24071233	第203章 騎拉帝納好感度+1

205	24072258	第204章 反轉系列料理

206	24073339	第205章 金色樹果、熊寶寶、冰火雷神、洛奇亞

207	24073816	第206章 銀色之羽,get(4000)

208	24075504	第207章 風暴饅頭

209	24077098	第208章 洛奇亞,你的大招現在是我的了

210	24077099	第209章 沉穩一些

211	24077781	第210章 超級樹果拼盤

212	24078560	第211章 大麥啤酒,酒館上新

213	24080149	第212章 醉酒的超夢

214	24090224	第213章 生日禮物

215	24092024	第214章 摩托蜥小天使

216	24092968	第215章 南瓜餅干

217	24093770	第216章 上吧,揮指功

218	24094405	第217章 霜奶仙開高達?

219	24095269	第218章 山林大火

220	24096392	第219章 流浪的寶可夢們

221	24097332	第220章 那籠罩了整座山林的青草領域

222	24098151	第221章 家園重建計劃

223	24098958	第222章 也慈的招攬

224	24099889	第223章 也慈要挑戰青草試煉?

225	24099890	第224章 前往帕底亞巨坑的契機

226	24100706	第225章 夢想

227	24100707	第226章 情緒低落的寶可夢們

228	24101567	第227章 全面開花

229	24102123	第228章 數月亮的摩托蜥

230	24103189	第229章 在云霧之下

231	24103190	第230章 血與月,原始兇暴的化身

232	24103860	第231章 名為吼叫之尾的神秘生物

233	24104326	第232章樂園、朱紫之書、 試著馴服?

234	24105156	第233章 抵達零區研究所新的可能性?

235	24106280	第234章 太晶化吧,故勒頓

236	24107275	第235章 回家了

237	24108813	第236章 音箱蟀與樂隊

238	24109291	第237章 秋之感恩節

239	24110345	第238章 分享媽媽

240	24111149	第239章 D帝國與快龍軍團

241	24112674	第240章 錘子

242	24113680	第241章 出發,前往伽勒爾目標蕾冠王( 4000)

243	24114436	第242章 冠之雪原

244	24115162	第243章 被遺忘的國王

245	24115983	第244章 國王的承諾

246	24116837	第245章 種蘿卜

247	24117230	第246章 帕底亞是我的家,但我永遠都不會忘記伽勒爾

248	24118188	第247章 能屈能伸雪暴馬

249	24119329	第248章 蕾冠王神殿大顯神威

250	24120031	第249章 D夜宿豐饒殿

251	24120562	第250章 這次不當伽勒爾之王了

252	24120563	第251章 特殊田地培育計劃

253	24121292	第252章 友情、眼淚、愛與羈絆

254	24122218	第253章 王與王

255	24122531	第254章 父與子

256	24122862	第255章 劍與盾

257	24123270	第256章 英雄王庭、宮門市

258	24124185	第257章 實現寶可夢對戰商業化的伽勒爾地區

259	24124807	第258章

260	24125282	第259章 一穿六,全場震驚其名,蕾冠王

261	24126574	第260章 你的茶壺長腿跑了

262	24127504	第261章 滿載而歸

263	24128064	第262章 回到牧場

264	24128681	第263章 冬日里的茶話會

265	24129404	第264章 染色果實、世界樹

266	24130522	第265章 只爭朝夕

267	24131176	第266章 閃光、馬廄、下午茶

268	24131888	第267章 月露玫瑰、王之愛馬

269	24133167	第268章 開花結果(4000)

270	24133702	第269章 空島開發(4000)

271	24144629	第270章 要有光(4000)

272	24145602	第271章 男人與龍(4000)

273	24146078	第272章 電視節目引起的轟動(5000)

274	24146988	第273章 紅披風與喵喵錘,超級英雄與巴布土撥

275	24147499	第274章 你這巴布土撥,合法嗎?

276	24148081	第275章 旅行熊熊回來了,并給你帶來了禮物

277	24149204	第276章 雪迷宮、蕾冠王的心意

278	24149788	第277章 成名之路、大根莖

279	24150293	第278章 夢幻與世界樹(4500)

280	24151315	第279章 神奇的果酒(4000)

281	24151632	第280章 背幣小人

282	24152462	第281章 世界樹之葉(4000)

283	24153377	第282章 一年又一年(4000)

284	24153802	第283章 最美好的一天(第四卷完)

285	24153803	卷末總結

286	24154488	第284章 堪比圣灰的超級羊奶(4000)

287	24155475	第285章 重建家園(4000)

288	24155476	第286章 神跡現 萬物生

289	24155888	第287章 森林里的朋友們與友情的樹果(4000)

290	24156518	第288章 傳說中的寶可夢們,蕾冠王與阿爾宙斯(4000)

291	24157500	第289章 大俠探險隊在行動(4000)

292	24158071	第290章 夢幻的秘密基地、生命羊奶引起的震驚(4000)

293	24158788	第291章 豐饒之祠、神秘的遠方來客

294	24159443	第292章 故勒頓的朋友

295	24160049	第293章 神社與墓地、墓揚犬的傳說

296	24160763	第294章 長命百歲

297	24160764	第295章 暴漲的信仰

298	24161220	第296章 暖暖熔巖蟲之家(4000)

299	24161221	第297章 振翼發

300	24161855	第298章 故勒頓的經歷、悖謬寶可夢之間能生蛋嗎?

301	24162308	第299章 故勒頓與振翼發、密勒頓

302	24162608	第300章 貓與狗

303	24162609	第301章 世界上最好的故勒頓

304	24162610	第302章 大俠探險隊與閃電鳥

305	24163385	第303章 好朋友、巴布土撥vs振翼發(4000)

306	24164017	第304章 青草領域再強化無敵回血流的坐騎山羊

307	24164744	第305章 特殊的土豆燉肉、丹帝正在騎馬趕來的路上

308	24165108	第306章 振翼發的生存本能、丹帝的到來(4000)

309	24166508	第307章 丹帝挑戰青草試煉(4000)

310	24166784	第308章 坐騎山羊vs冠軍(4000)

311	24166785	第309章丹帝我戰勝的,只是產奶的奶羊?

312	24167186	第310章 也慈的計劃、閃電鳥的到來(4000)

313	24168130	第311章 閃電鳥的打算

314	24168498	第312章 越來越正規的探險隊(4000)

315	24169355	第313章 咖啡與振翼發(4000)

316	24169782	第314章 北上鄉農業交流會(4000)

317	24170567	第315章 攀比的快龍( 4000)

318	24171090	第316章 快龍與大海的化身

319	24171686	第317章 我不要大魚,我只要你(4000)

320	24173892	第318章 地獄谷、熔巖蟲、鬼(4000)

321	24187563	第319章 厄鬼椪。

322	24187993	第320章 和熔巖蟲交朋友(5000)

323	24188645	第321章 它是鬼?

324	24189473	第322章 第二次接觸

325	24190154	第323章 思念

326	24193432	第324章 新的回憶、變故突生

327	24193433	第325章 咭唄咭唄,僵尸村落

328	24193434	第326章 圣戰起蕾冠王降臨北上鄉

329	24193911	第327章 自然能量與巨大化的奧利瓦(4000)

330	24194761	第328章 奇樹的震驚,會飛的巴布土撥

331	24195256	第329章 神獸聊天群的設想

332	24195685	第330章 想成為劍神的大蔥鴨

333	24196130	第331章 牧場擴張計劃

334	24196584	第332章 五巨靈

335	24198311	第333章 更大的牧場,更大的家

336	24199063	第334章 訪客

337	24200419	第335章 阿戴克的感激

338	24200420	第336章 新人訓練家們與青草試煉

339	24201245	第337章 雪暴馬與靈幽馬之爭

340	24202302	第338章 賽馬

341	24202303	第339章 馬中之王

342	24203928	第340章 食譜解鎖冰蘿卜方糖

343	24203929	第341章 大海的守護

344	24205401	第342章 太刀俠大蔥鴨、前往合眾

345	24205402	第343章 越過大海的月月熊?

346	24205782	第344章 抵達合眾,培育家進修神奇的能量方塊

347	24206422	第345章 宴會,大佬云集

348	24207420	第346章 大小姐妮莫前來挑戰了

349	24208498	第347章 大社牛妮莫(5000)

350	24209047	第348章 vs渡

351	24209782	第349章 喵喵錘初顯神威

352	24210539	第350章 雙龍,將軍

353	24211329	第351章 洛托姆手機,資深龍控

354	24211855	第352章 夢妖與振翼發

355	24212228	第353章 人類、寶可夢

356	24212853	第354章 禮物

357	24213584	第355章 快龍的蛋

358	24214137	第356章 捕蟲大會

359	24214889	第357章 毛辮羊牧場、建設蘋果園、故勒頓的糾結

360	24215315	第358章 卡比獸

361	24216024	第359章 故勒頓的決意、游樂場、水都奇遇

362	24216406	第360章 拉帝亞斯與拉帝歐斯?大俠探險隊的邀請

363	24216407	第361章 世界樹生長進度1/5

364	24216408	第362章 與騎拉帝納聯手?蕾冠王附魔雷神之錘

365	24217056	第363章 造神計劃?英雄試煉,幻境中的考驗錘之王,誕生

366	24217432	第364章 第三位王,不懼之錘巨獸錘

367	24217832	第365章 世界樹與影之寶可夢

368	24218577	第366章 伊布伊布伊布

369	24219257	第367章 伊布的進化目標卡比獸專用能量方塊,誕生(7000)

370	24220078	第368章 大英雄烈空坐

371	24220720	第369章 大蔥鴨與大蔥園、天空之鱗片

372	24221331	第370章 哈克龍們的覺悟,為幫牧場干活而變強

373	24221332	第371章 快龍的呼喚,烈空坐的到訪

374	24221903	第372章 烈空坐摘星星

375	24222519	第373章 盜墓賊與古金幣

376	24223461	第374章 古之探究者與災禍之寶

377	24224085	第375章 災禍寶可夢反轉計劃

378	24224863	第376章 藏寶庫、綠豆湯、大蔥成熟的季節

379	24225474	第377章 進化吧,伊布更換武器,大蔥鴨

380	24226090	第378章 男孩女孩?

381	24226660	第379章 四大試煉,古魯夏的震驚

382	24227253	第380章 故勒頓、摩托蜥與奇樹

383	24227869	第381章 也慈說出你的心愿

384	24228541	第382章 也慈的人才拉攏大計

385	24228542	第383章 山林情誼

386	24228543	第384章 完蛋,我被伊布包圍了

387	24229244	第385章 埃里夫櫻桃園的緊急求助

388	24229437	第386章 打工的飛天螳螂

389	24229853	第387章 黃沙之下,沙漠之中的激烈追逐

390	24230462	第388章 地底的失落之國,神秘的化石?是寶可夢嗎?

391	24230981	第389章 收獲滿滿,金幣堆到手

392	24231447	第390章 超罕見的寶可夢,賽富豪,誕生

393	24232150	第391章 怎么會有賽富豪這么完美的寶可夢啊?

394	24232483	第392章 無名英雄、寶可夢們的購物大冒險

395	24232723	第393章 葛拉西蒂亞之花

396	24232724	第394章 伊布蛋孵化,建造伊布樂園

397	24233268	第395章 伊布三兄弟

398	24233926	第396章 D小課堂,開始給伊布們上課

399	24234540	第397章 騎拉帝納與冰空的花束、海之恩惠

400	24235266	第398章 這般高超的釣魚技術,真是聞所未聞啊

401	24235904	第399章 快龍快龍快龍

402	24235906	第400章 快龍x疤

403	24236437	第401章 特殊茶飲,龍鱗香

404	24236844	第402章 邁向新時代

405	24237498	第403章 我的寶可夢成為了虹之勇者?

406	24237499	第404章 豐饒祭典(本卷完)

407	24237868	第405章 時間悖論

408	24238980	第406章 南國的熱帶龍,給騎拉帝納做馬殺雞

409	24239383	第407章 歸來的大俠探險隊,無敵的神圣饅頭誕生

410	24240158	第408章撈撈小魔神胡帕,熱帶龍的香蕉

411	24240514	第409章 神奇的手機,蕾冠王的網名,被騎拉帝納嚇壞的洛托姆。

412	24242708	第410章 快龍速遞,牧場小店開業

413	24242709	第411章 團團圓圓

414	24242710	第412章 沖浪的騎拉帝納

415	24242711	第413章 真順著網線來打人

416	24242712	第414章 騎拉帝納出道在即,火遍全網

417	24243248	第415章 新的訂單?快龍們的送貨行動

418	24245053	第416章 蘋果園與啃果蟲,大俠探險隊的新冒險

419	24245509	第417章 任務委托基拉祈帕底亞隱藏boss的傳聞。

420	24246028	第418章 神獸聊天群堂堂連載

421	24246029	第418章 神獸聊天群堂堂連載

422	24246468	第419章 世界樹的內部,未來的計劃

423	24247259	第420章 大木博士的到訪

424	24247260	第420章 大木博士的到訪

425	24247809	第421章 王之傳說,伽勒爾地區輿論爆發

426	24248703	第422章 大木博士的震驚,霜奶仙的揮指功試煉

427	24249597	第423章 未知的招式、希羅娜的到訪

428	24250138	第424章 指引希羅娜,三個方向

429	24250690	第425章建立公會、寶可夢森友會,邀請寶可夢居民來定居吧

430	24250691	第426章 木守宮之森,給木守宮一點小小的震撼

431	24251118	第427章 伊布與圓瞳,進化吧,仙子伊布

432	24251119	第428章 世界樹糖果

433	24251794	第429章 新的居民,木守宮抵達世界樹

434	24251795	第430章 釣魚大賽,vs釣魚名人

435	24252340	第431章 垂釣大師與美納斯

436	24252846	第432章 快龍速遞和生命羊奶引起的震驚

437	24252847	第433章 騎拉帝納為快龍速遞保駕護航

438	24253412	第434章 轉移龍島

439	24253570	第435章 龍之鄉完工、牧場中的隱藏試煉

440	24254199	第436章 D牧場的隱藏試煉,解鎖

441	24254782	第437章 海底的弱丁魚群,呆呆獸與大舌貝

442	24254783	第438章 呆呆大賢者,摩托蜥的心病

443	24255286	第439章 摩托蜥與故勒頓

444	24255731	第440章 馬王爭奪戰、大網紅騎拉帝納

445	24272686	第441章 指導奇樹、蘋果中的蟲子

446	24273521	第442章 似是故人來

447	24273522	第443章 探險隊公會完工

448	24274095	第444章 【超夢加入聊天群】

449	24274625	第445章 齊心協力,共建家園

450	24275190	第446章 樂園

451	24275710	第447章 丹帝挑戰遠古試煉、闇夜的傳聞

452	24276311	第448章 大吾求見

453	24276854	第449章 滴滴打龍

454	24277106	第450章 坐騎山羊與坐騎小羊

455	24277942	第451章 騎拉帝納的攀比心

456	24278477	第452章 熊寶寶的【撿拾】,撿到寶物了

457	24279058	第453章 幸福的超夢、意外的訪客

458	24279634	第454章 偽裝計劃

459	24280232	第455章 離家出走的新葉喵

460	24280700	第456章 飼育樹屋與快龍們

461	24280701	第457章 被世界樹吸引的神獸們

462	24281863	第458章 游戲日、許愿星

463	24282466	第459章 尋找基拉祈,與阿勃梭魯組隊

464	24282986	第460章 劉易斯鎮長的求助,暴躁的過動猿

465	24284472	第461章 小智的到來

466	24286618	第462章 皮卡丘我打蕾冠王?

467	24286619	第463章 基拉祈的選擇

468	24288131	第464章 給寶可夢們拍照、暗中觀察的基格爾德

469	24288652	第465章 豐緣事件爆發,固拉多蓋歐卡蘇醒

470	24289135	第466章 神之戰摩托假面初登場

471	24289136	第467章 大英雄烈空坐,事件落幕

472	24289558	第468章 在那之后

473	24289559	第469章 阿戴克我為生命羊奶代言

474	24289560	第470章 世界樹成熟之日

475	24289975	第471章 烈空坐加入聊天群

476	24290567	第472章 橫跨大海的固拉多,各地震驚

477	24291042	第473章 固拉多加入聊天群

478	24291043	第474章 第一款SSS料理,突破傳說的坐騎山羊

479	24291567	第475章 大蔥鴨出金了,賭狗的春天

480	24292136	第476章 少女,煙花,寶可夢【本卷完】

481	24292936	第477章 家庭觀念

482	24293354	第478 鬧鬼的森林

483	24293967	第479章 小智與請假王,蘇醒的固拉多與蓋歐卡

484	24294676	第480章 究極體蕾冠王1v2固拉多與蓋歐卡的認可

485	24295911	第481章 寒冷的冬日里

486	24295912	第482章 蕾荷與災禍之寶

487	24296340	第483章 購置土地

488	24296896	第484章 閃電鳥與閃電饅頭

489	24297704	第485章 暴打老丈人

490	24299849	第486章 過年與春天,新的作物到貨

491	24300953	第487章 珍貴的柑果球、基格爾德10%形態現身

492	24301487	第488章 美麗世界

493	24302125	第489章 古鼎鹿,Get

494	24302719	第490章 大地之祥瑞古鼎鹿、竹林中的神秘寶可夢?

495	24316739	第491章 瀑布修行,斬斷瀑布之道

496	24317437	第492章 指導熊徒弟,收服古玉魚

497	24318120	第493章 摩托蜥vs熊徒弟,火焰之祥瑞古玉魚

498	24318821	第494章 蓋歐卡與熊徒弟,大海之奧義

499	24319451	第495章 熊徒弟的兩位老師

500	24320183	第496章 變強的理由

501	24320879	第497章 災禍之簡、飛行的皮卡丘

502	24321568	第498章 地平線、豐收蝸牛

503	24331673	第499章 臘肉炒竹筍

504	24335443	第500章 氣到進化的猴怪,小福蛋的寶物

505	24335444	第501章 古劍豹加入,四祥瑞誕生

506	24336645	第502章 蕾荷與災禍之寶,D牧場的新試煉?

507	24337140	第503章 太樂巴戈斯,連接時空的太晶

508	24337460	第504章 大奶罐的【超級滾動】,無限龍車大顯神威

509	24337739	第505章 無敵滾動戰術,無解,不服來辯

510	24337989	第506章 流氓鱷vs大奶罐小茜的關注

511	24341750	第507章 大奶罐培育心得與坐騎山羊引起的轟動

512	24342656	第508章 也慈的人才招攬大計2

513	24342980	第509章 急凍鳥那么,代價是什么?

514	24343218	第510章 阿羅拉

515	24345011	第511章 諸島巡禮之證,目標,皇家巨蛋

516	24345012	第512章 皇家對戰的積分排名,石英高原的火焰鳥

517	24345013	第513章 制霸寶寶杯

518	24345014	第514章 你這霜奶仙,合法嗎?

519	24347291	第515章 騎拉帝納阿爾宙斯是個邪惡的神……

520	24349122	第516章 納居登,超級太刀俠大蔥鴨

521	24350606	第517章 三神鳥正統在帕底亞

522	24350607	第518章 養殖三神鳥,收獲大量羽毛

523	24352059	第519章 打造雪原生態區

524	24352060	第520章 小福蛋與寶可夢醫生

525	24353974	第521章 奧利瓦,1v3,全場震驚

526	24353976	第522章 vs皇家蒙面人庫庫伊我打騎拉帝納?

527	24355499	第523章 摩托假面再現即將掉馬,大危機

528	24355500	第524章 英雄無蹤

529	24357252	第525章 醫生的職責

530	24357253	第526章 進化吧,小福蛋通往寶可夢醫生的道路

531	24358121	第527章 小椿的到來,龍與龍

532	24358753	第528章 龍之對決

533	24359841	第529章 龍龍龍

534	24360431	第530章 主播,看看你老公

535	24361414	第531章 樹の家

536	24362746	第532章 利利小鎮的全力慶典,森林考驗開始

537	24364189	第533章 森林寶可夢咖啡廳的服務員,卡璞·鳴鳴現身

538	24364190	第534章 故勒頓vs卡璞·鳴鳴卡璞·鳴鳴好感度+1

539	24365692	第535章 謀害阿爾宙斯一事,卡璞·鳴鳴也干了

540	24365693	第536章 創世神現身,阿爾宙斯的考驗

541	24367072	第537章 沒有你的世界(上)

542	24367073	第538章 沒有你的世界(下)

543	24367074	第539章 收獲,回歸牧場

544	24368856	單章反思兼請假條

545	24369264	第540章 大木博士的暑期夏令營

546	24370837	第541章 心之力,碰撞的時間與空間

547	24370838	第542章 決戰時空之塔

548	24372421	第543章 大海之奧義終成,武道熊師誕生世界樹備戰阿爾宙斯

549	24373058	第544章 固拉多我也要去打阿爾宙斯

550	24373688	第545章 騎拉帝納與冰空的花束

551	24374193	第546章 失控,騎拉帝納

552	24374845	第547章 騎拉帝納遇襲,烈空坐超夢前來相助了

553	24375636	第548章 故勒頓與武道熊師

554	24376632	第549章 后勤組與探險組、特殊料理,龍系克星

555	24377856	第550章 仙子伊布與“惡龍”

556	24378776	第551章 蘇醒的創世神

557	24379043	第552章 創世紀

558	24380234	第553章 最后的晚餐

559	24380235	第554章 圣約

560	24381488	第555章 不可思議迷宮與大俠探險隊

561	24381489	第556章 阿爾宙斯與騎拉帝納

562	24382851	第557章 D的“家”,拜訪岳父岳母,關于結婚

563	24382852	第558章 大家的禮物

564	24384205	第559章 神奧,快龍航線解鎖迷你龍們的蛻皮儀式

565	24384206	第560章 龍之外衣,摩托蜥能力檢測

566	24385516	第561章 歲歲平安

567	24386852	第562章 過年

568	24386853	第563章 新婚日【本卷完】

569	24388193	第564章 樹の家【本卷完】

570	24389679	第565章 不可思議迷宮的特產

571	24389680	第566章 三圣獸震驚,鳳王大人選中的人?

572	24390952	第567章 坂木交個朋友?

573	24390953	第568章 搶羊奶的火箭隊、蕾冠王與四災禍

574	24392523	第569章 懷寶寶了,轉職道館主,湊齊六只電屬性的寶可夢?

575	24392524	第570章 道館主D,帕底亞最強電系道館

576	24393762	第571章 千辛萬苦打贏皮卡丘,下一只是……

577	24393763	第572章 媽媽,這個道館好可怕,我要回家

578	24395039	第573章 什么?閃電鳥還不是他最強的寶可夢?

579	24395040	第574章 有人想要花式教訓釀光道館?

580	24396502	第575章 基拉祈的破滅之愿,瞬間秒殺大賽冠軍,全場震驚

581	24396641	第576章 夢幻和熊寶寶回歸,新的旅行目標,胡帕

582	24397761	第577章 料理大爆發, 青草團子升級,復活草團子

583	24397945	第578章 直播帶貨,明目果引起的震驚

584	24399060	第579章 蜂蜜流心軟糖,采集小能手

585	24399061	第580章 丹帝的到來,丹帝再戰坐騎山羊?

586	24399062	第581章 坐騎山羊vs噴火龍,不可戰勝之羊丹帝的震驚

587	24400408	第582章 雷公出戰,釀光道館的第五只寶可夢

588	24401718	第583章 比克提尼

589	24403092	第584章 特殊料理,大家的心愿

590	24403093	第585章 穿越時空的思念

591	24403094	第586章 改變歷史

592	24403398	第587章 修正的未來

593	24404613	第588章 重逢之時

594	24405661	第589章 夜游神社,豐饒慶典

595	24448747	第590章 美錄梅塔與蕾冠王

596	24449798	第591章 美錄坦們

597	24450507	第592章 伽勒爾英雄牧場再就業

598	24451320	第593章 冬日假期,熊寶寶的禮物

599	24453232	第594章 神獸女的誕生

600	24453233	第595章 孩子,當你出生時,全世界都在呼喊你的名字

601	24474262	第596章 你的御三家我的御三家,好像不一樣

602	24474263	第597章 家門蟲,內斂極品6v滿努力值燃燒蟲

603	24474264	第598章 歲月變遷

604	24474265	第599章 為人父母

605	24475092	第600章 大量稀有石頭出現中

606	24477096	第601章 進擊的仙子伊布

607	24477097	第602章 31顆神奇糖果

608	24478793	第603章 冰封世界

609	24478794	第604章 藍莓學院

610	24479806	第605章 生態巨蛋與海哲后裔

611	24480644	第606章 D的課

612	24481575	第607章 圓盤寶可夢

613	24483294	第608章 雙打對戰,丹瑜烏栗厄詭椪

614	24483295	第609章 超進化之巨石現身,烈空坐即將進行超級進化

615	24484003	第610章 超級烈空坐與超級超夢,弗拉達利的震驚

616	24485578	第611章 朱紫之書與海哲

617	24486693	第612章 大吾三只傳說寶可夢看孩子?

618	24487106	第613章 踏上勇者之路

619	24488416	第614章 仙子伊布vs酋雷姆

620	24490208	第615章 道之龍,收服

621	24490209	第616章 拉普拉斯上的少年

622	24522070	第617章 九個月

623	24522071	第618章 爸爸

624	24524222	第619章 小樹歷險記

625	24524827	第620章 學會分享、創世之谷

626	24526117	第621章 胡帕

627	24526424	第622章 懲戒之壺

628	24527899	第623章 諸神之戰

629	24528510	第624章 胡帕乖,壞人被趕跑了

630	24530729	第625章 大俠探險隊成員+1

631	24530730	第626章 過冬

632	24532868	第627章 阿羅拉

633	24534326	第628章 大雨天,一家人躲在家里睡覺

634	24534871	第629章 森之洋館與卡洛斯聯盟大會

635	24536819	第630章 八大師

636	24538909	第631章 小樹的天賦,爆肌蚊與故勒頓

637	24538910	第632章 露莎米奈的邀請

638	24539806	第633章 小智與阿羅拉,冠軍小智的新旅行

639	24541766	第634章 釣魚佬D

640	24542783	第635章 卡奇,你家的牧場也養冠軍級寶可夢嗎?

641	24544642	第636章 全魚宴

642	24544643	第637章 又是一年

643	24545746	第638章 也慈與小樹

644	24547801	第639章 世界錦標賽,開賽

645	24549596	第640章 強者云集

646	24549597	第641章 巴大蝴vs水箭龜電網打人會痛嗎?

647	24551677	第642章 摩托蜥沒有一點技巧,純數值

648	24551678	第643章 霜奶仙的揮指神功一擊秒殺,全場震驚

649	24552122	第644章 兒女雙全

650	24553485	第645章 神獸男與神獸男

651	24555612	第646章 你也是神獸男?

652	24555613	第647章 誰才是真正的神獸男

653	24557363	第648章 酋雷姆現身,全場震驚

654	24557364	第649章 不裝了,攤牌了

655	24557365	第650章 最強,億萬信仰蕾冠王

656	24558215	第651章 對戰大葉,騎拉帝納的個人秀

657	24559087	第652章 八強賽,vs渡?阿渡的新陣容

658	24559088	第653章 神秘人的到訪

659	24561116	第654章 像這樣的寶可夢,我有三個

660	24561117	第655章 晉級四強,赤紅的發現

661	24564108	第656章 赤紅小智終相見

662	24564109	第657章 赤紅vs小智

663	24564110	第658章 力挫大吾,晉級決賽

664	24564795	第659章 總決賽,vs丹帝,最強之戰(最后一場對戰)

665	24564796	第660章 激戰

666	24565420	第661章 最強

667	24565421	第662章 冠軍

668	24566740	第663章 闇夜

669	24568071	第664章 英雄

670	24568924	第665章 伽勒爾,你們的王回來了

671	24569911	第666章 在那之后,蒼響與藏瑪然特的到來

672	24569912	元旦快樂兼月末總結

673	24575033	第667章 日月流轉

674	24575034	第668章 命運

675	24575035	第669章 轉動的齒輪【本卷完】

676	24579854	第670章 摩托蜥(上)

677	24579855	第671章 故勒頓(下)

678	24586945	第672章 銜尾蛇

679	24587614	第673章 藍之圓盤

680	24587615	第674章 太樂巴戈斯們

681	24589704	第675章 小樹與太樂巴戈斯

682	24589705	第676章 事件終落幕

683	24589706	第677章 朱紫之書

684	24591534	第678章 神獸女的養成之路

685	24594985	第679章 能力傳承,龍之圣地,小樹的第二只寶可夢

686	24594986	第680章 新生命的到來

687	24595761	第681章 逝去與成長

688	24595762	第682章 幼兒園大姐頭

689	24598979	第683章 小樹的專屬老師

690	24599621	第684章 小樹的成長,小青的到訪

691	24599622	第685章 神獸女出征,踏平北上鄉

692	24601941	第686章 他是我的爸爸

693	24602950	第687章 只要想念

694	24603827	第688章 派帕與父母

695	24605733	第689章 小匙研究所

696	24605734	第690章 火神蛾,進化

697	24608104	第691章 八歲冠軍

698	24608105	第692章 小樹的旅行

699	24614245	第693章 時光如水

700	24614246	第694章 再也沒有你的春天,就要到來了

701	24614247	第695章 永遠愛你(大結局)

702	24615124	完結感言

703	24618770	番外后日談,結束也是新的開始

