location_area_id,local_language_id,name
1,9,Canalave City
2,9,Eterna City
3,9,Pastoria City
4,9,Sunyshore City
5,9,Sinnoh League
6,9,Oreburgh mine (1F)
7,9,Oreburgh mine (B1F)
8,9,Valley Windworks
9,9,Eterna Forest
10,9,Fuego Ironworks
11,9,Mount Coronet (1F Road 207)
12,9,Mount Coronet (2F)
13,9,Mount Coronet (3F)
14,9,Mount Coronet (exterior snowfall)
15,9,Mount Coronet (exterior blizzard)
16,9,Mount Coronet (4F)
17,9,Mount Coronet (4F small room)
18,9,Mount Coronet (5F)
19,9,Mount Coronet (6F)
20,9,Mount Coronet (1F from exterior)
21,9,Mount Coronet (1F Road 216)
22,9,Mount Coronet (1F Road 211)
23,9,Mount Coronet (B1F)
24,9,Great Marsh Area 1
25,9,Great Marsh Area 2
26,9,Great Marsh Area 3
27,9,Great Marsh Area 4
28,9,Great Marsh Area 5
29,9,Great Marsh Area 6
30,9,Solaceon Ruins (2F)
31,9,Solaceon Ruins (1F)
32,9,Solaceon Ruins (B1F A)
33,9,Solaceon Ruins (B1F B)
34,9,Solaceon Ruins (B1F C)
35,9,Solaceon Ruins (B2F A)
36,9,Solaceon Ruins (B2F B)
37,9,Solaceon Ruins (B2F C)
38,9,Solaceon Ruins (B3F A)
39,9,Solaceon Ruins (B3F B)
40,9,Solaceon Ruins (B3F C)
41,9,Solaceon Ruins (B3F D)
42,9,Solaceon Ruins (B3F E)
43,9,Solaceon Ruins (B4F A)
44,9,Solaceon Ruins (B4F B)
45,9,Solaceon Ruins (B4F C)
46,9,Solaceon Ruins (B4F D)
47,9,Solaceon Ruins (B5F)
48,9,Victory Road (1F)
49,9,Victory Road (2F)
50,9,Victory Road (B1F)
51,9,Victory Road (inside B1F)
52,9,Victory Road (inside)
53,9,Victory Road (inside exit)
54,9,Ravaged Path
55,9,Oreburgh Gate (1F)
56,9,Oreburgh Gate (B1F)
57,9,Stark Mountain exterior
58,9,Stark Mountain entrance
59,9,Stark Mountain main cavern
60,9,Sendoff Spring
61,9,Turnback Cave (pillar 1)
62,9,Turnback Cave (pillar 2)
63,9,Turnback Cave (pillar 3)
64,9,Turnback Cave (before pillar 1)
70,9,Turnback Cave (between pillars 1 and 2)
76,9,Turnback Cave (between pillars 2 and 3)
82,9,Turnback Cave (after pillar 3)
107,9,Snowpoint Temple (1F)
108,9,Snowpoint Temple (B1F)
109,9,Snowpoint Temple (B2F)
110,9,Snowpoint Temple (B3F)
111,9,Snowpoint Temple (B4F)
112,9,Snowpoint Temple (B5F)
113,9,Wayward Cave (1F)
114,9,Wayward Cave (B1F)
115,9,Ruin Maniac Cave (0–9 different Unown caught)
116,9,Ruin Maniac Cave (10–25 different Unown caught)
117,9,Maniac Tunnel (26+ different Unown caught)
118,9,Trophy Garden
119,9,Iron Island area
120,9,Iron Island (1F)
121,9,Iron Island (B1F left)
122,9,Iron Island (B1F right)
123,9,Iron Island (B2F right)
124,9,Iron Island (B2F left)
125,9,Iron Island (B3F)
126,9,Old Chateau (entrance)
127,9,Old Chateau (dining room)
128,9,Old Chateau (2F private room)
129,9,Old Chateau (2F)
130,9,Old Chateau (2F leftmost room)
131,9,Old Chateau (2F left room)
132,9,Old Chateau (2F middle room)
133,9,Old Chateau (2F right room)
134,9,Old Chateau (2F rightmost room)
135,9,Lake Verity (before Galactic intervention)
136,9,Lake Verity (after Galactic intervention)
137,9,Lake Valor
138,9,Lake Acuity
139,9,Valor Lakefront
140,9,Acuity Lakefront
141,9,Road 201
142,9,Road 202
143,9,Road 203
144,9,"Road 204 (south, towards Jubilife City)"
145,9,"Road 204 (north, towards Floaroma Town)"
146,9,"Road 205 (south, towards Floaroma Town)"
147,9,"Road 205 (east, towards Eterna City)"
148,9,Road 206
149,9,Road 207
150,9,Road 208
151,9,Road 209
152,9,Lost Tower (1F)
153,9,Lost Tower (2F)
154,9,Lost Tower (3F)
155,9,Lost Tower (4F)
156,9,Lost Tower (5F)
157,9,"Road 210 (south, towards Solaceon Town)"
158,9,"Road 210 (west, towards Celestic Town)"
159,9,"Road 211 (west, towards Eterna City)"
160,9,"Road 211 (east, towards Celestic Town)"
161,9,"Road 212 (north, towards Hearthome City)"
162,9,"Road 212 (east, towards Pastoria City)"
163,9,Road 213
164,9,Road 214
165,9,Road 215
166,9,Road 216
167,9,Road 217
168,9,Road 218
169,9,Road 219
170,9,Road 221
171,9,Road 222
172,9,Road 224
173,9,Road 225
174,9,Road 227
175,9,Road 228
176,9,Road 229
177,9,Twinleaf Town
178,9,Celestic Town
179,9,Resort Area
180,9,Road 220
181,9,Road 223
182,9,Road 226
183,9,Road 230
184,9,New Bark Town
185,9,Road 29
186,9,Cherrygrove City
187,9,Road 30
188,9,Road 31
189,9,Violet City
190,9,Sprout Tower (2F)
191,9,Sprout Tower (3F)
192,9,Road 32
193,9,Ruins of Alph (outside)
194,9,Ruins of Alph (interior A)
195,9,Ruins of Alph (interior B)
196,9,Ruins of Alph (interior C)
197,9,Ruins of Alph (interior D)
198,9,Union Cave (1F)
199,9,Union Cave (B1F)
200,9,Union Cave (B2F)
201,9,Road 33
202,9,Slowpoke Well (1F)
203,9,Slowpoke Well (B1F)
204,9,Ilex Forest
205,9,Road 34
206,9,Road 35
207,9,National Park
208,9,Unknown Area; all bugs
209,9,Road 36
210,9,Road 37
211,9,Ecruteak City
212,9,Burned Tower (1F)
213,9,Burned Tower (B1F)
214,9,Bell Tower (2F)
215,9,Bell Tower (3F)
216,9,Bell Tower (4F)
217,9,Bell Tower (5F)
218,9,Bell Tower (6F)
219,9,Bell Tower (7F)
220,9,Bell Tower (8F)
221,9,Bell Tower (9F)
222,9,Road 38
223,9,Road 39
224,9,Olivine City
225,9,Road 40
226,9,Road 41
227,9,Whirl Islands (1F)
228,9,Whirl Islands (B1F)
229,9,Whirl Islands (empty floor X)
230,9,Whirl Islands (B2F)
231,9,Whirl Islands (empty floor Y)
232,9,Whirl Islands (B3F)
235,9,Cianwood City
236,9,Road 42
237,9,Mount Mortar (1F)
238,9,Mount Mortar (Lower Cave)
239,9,Mount Mortar (Upper Cave)
240,9,Mount Mortar (B1F)
241,9,Road 43
242,9,Lake of Rage
243,9,Road 44
244,9,Ice Path (1F)
245,9,Ice Path (B1F)
246,9,Ice Path (B2F)
247,9,Ice Path (B3F)
249,9,Blackthorn City
250,9,Dragon's Den
251,9,Road 45
252,9,Road 46
253,9,Dark Cave (Violet City entrance)
254,9,Dark Cave (Blackthorn City entrance)
255,9,Road 47
256,9,Mount Moon Square
257,9,Unknown Area; all Poliwag
258,9,Seafoam Islands (1F)
259,9,Seafoam Islands (B1F)
260,9,Seafoam Islands (B2F)
261,9,Seafoam Islands (B3F)
262,9,Seafoam Islands (B4F)
263,9,Mount Silver (2F)
264,9,Mount Silver (1F top)
265,9,Mount Silver (4F)
266,9,Road 47 (cave gate)
267,9,Road 47 (inside cave)
268,9,Bell Tower (10F)
269,9,Mount Silver (outside)
270,9,Mount Silver (1F)
271,9,Mount Silver (mountainside)
272,9,Mount Silver (3F)
273,9,Mount Silver (top)
275,9,Unknown Area; all Rattata
276,9,Road 12
277,9,Road 19
278,9,Road 20
279,9,Cinnabar Island
280,9,Viridian City
281,9,Cerulean City
282,9,Vermilion City
283,9,Celadon City
284,9,Fuchsia City
285,9,Pallet Town
286,9,Road 48
287,9,Road 26
288,9,Road 27
289,9,Road 28
290,9,Mount Moon (1F)
291,9,Mount Moon (2F)
292,9,Rock Tunnel (1F)
293,9,Rock Tunnel (B1F)
294,9,Victory Road 1 (1F)
295,9,Road 1
296,9,"Road 2 (south, towards Viridian City)"
297,9,Road 3
298,9,Road 4
299,9,Road 5
300,9,Road 6
301,9,Road 7
302,9,Road 8
303,9,Road 9
304,9,Road 10
305,9,Road 11
306,9,Road 13
307,9,Road 14
308,9,Road 15
309,9,Road 16
310,9,Road 17
311,9,Road 18
312,9,Road 21
313,9,Road 22
314,9,Road 24
315,9,Road 25
316,9,Tohjo Falls
317,9,Digletts Cave
318,9,Victory Road 1 (2F)
319,9,Victory Road 1 (3F)
320,9,"Road 2 (north, towards Pewter City)"
321,9,Viridian Forest
323,9,Cerulean Cave (1F)
324,9,Cerulean Cave (2F)
325,9,Cerulean Cave (B1F)
326,9,Mount Moon (B1F)
327,9,Mount Moon (B2F)
328,9,Rock Tunnel (B2F)
329,9,Road 23
330,9,Power Plant
331,9,Victory Road 2 (1F)
332,9,Victory Road 2 (2F)
333,9,Victory Road 2 (3F)
334,9,Pokemon Tower (1F)
335,9,Pokemon Tower (2F)
336,9,Pokemon Tower (3F)
337,9,Pokemon Tower (4F)
338,9,Pokemon Tower (5F)
339,9,Pokemon Tower (6F)
340,9,Pokemon Tower (7F)
341,9,Pokemon Mansion (1F)
342,9,Pokemon Mansion (2F)
343,9,Pokemon Mansion (3F)
344,9,Pokemon Mansion (B1F)
345,9,Safari Zone (middle)
346,9,"Safari Zone (Area 1, east)"
347,9,"Safari Zone (Area 2, north)"
348,9,"Safari Zone (Area 3, west)"
349,9,S.S. Anne dock
350,9,Petalburg City
351,9,Slateport City
352,9,Lilycove City
353,9,Mossdeep City
354,9,Sootopolis City
355,9,Ever Grande City
356,9,Meteor Falls
357,9,Meteor Falls (back)
358,9,Meteor Falls (B1F)
359,9,Meteor Falls (back/small room)
360,9,Rusturf Tunnel
361,9,Granite Cave (1F)
362,9,Granite Cave (B1F)
363,9,Granite Cave (B2F)
364,9,Granite Cave (1F/small room)
365,9,Petalburg Woods
366,9,Jagged Pass
367,9,Fiery Path
368,9,Mount Pyre (1F)
369,9,Mount Pyre (2F)
370,9,Mount Pyre (3F)
371,9,Mount Pyre (4F)
372,9,Mount Pyre (5F)
373,9,Mount Pyre (6F)
374,9,Mount Pyre (outside)
375,9,Mount Pyre (summit)
376,9,Seafloor Cavern
377,9,Cave of Origin (entrance)
378,9,Cave of Origin (1F)
379,9,Cave of Origin (B1F)
380,9,Cave of Origin (B2F)
381,9,Cave of Origin (B3F)
382,9,Victory Road (1F)
383,9,Victory Road (B1F)
384,9,Victory Road (B2F)
385,9,Shoal Cave
386,9,Shoal Cave (B1F)
387,9,New Mauville (entrance)
388,9,New Mauville
389,9,Abandoned Ship
390,9,Sky Pillar (1F)
391,9,Sky Pillar (3F)
392,9,Sky Pillar (5F)
393,9,Road 101
394,9,Road 102
395,9,Road 103
396,9,Road 104
397,9,Road 105
398,9,Road 106
399,9,Road 107
400,9,Road 108
401,9,Road 109
402,9,Road 110
403,9,Road 111
404,9,Road 112
405,9,Road 113
406,9,Road 114
407,9,Road 115
408,9,Road 116
409,9,Road 117
410,9,Road 118
411,9,Road 119
412,9,Road 120
413,9,Road 121
414,9,Road 122
415,9,Road 123
416,9,Road 124
417,9,Road 124 (underwater)
418,9,Road 125
419,9,Road 126
420,9,Road 126 (underwater)
421,9,Road 127
422,9,Road 128
423,9,Road 129
424,9,Road 130
425,9,Road 131
426,9,Road 132
427,9,Road 133
428,9,Road 134
429,9,Safari Zone (NW/mach bike area)
430,9,Safari Zone (NE/acro bike area)
431,9,Safari Zone (SW)
432,9,Safari Zone (SE)
433,9,Dewford Town
434,9,Pacifidlog Town
435,9,Safari Zone (expansion south)
436,9,Safari Zone (expansion north)
437,9,Magma Hideout
438,9,Mirage Tower
439,9,Desert Underpass
440,9,Artisan Cave
441,9,Altering Cave
450,9,Monean Chamber
451,9,Liptoo Chamber
452,9,Weepth Chamber
453,9,Dilford Chamber
454,9,Scufib Chamber
455,9,Rixy Chamber
456,9,Viapos Chamber
461,9,S.S. Anne
488,9,Mount Ember
489,9,Mount Ember (cave)
490,9,Mount Ember (inside)
491,9,"Mount Ember (1F, cave behind team rocket)"
492,9,Mount Ember (B1F)
493,9,Mount Ember (B2F)
494,9,Mount Ember (B3F)
495,9,Berry Forest
496,9,Icefall Cave (entrance)
497,9,Icefall Cave (1F)
498,9,Icefall Cave (B1F)
499,9,Icefall Cave (waterfall)
500,9,Pattern Bush
501,9,Lost Cave (room 1)
502,9,Lost Cave (room 2)
503,9,Lost Cave (room 3)
504,9,Lost Cave (room 4)
505,9,Lost Cave (room 5)
506,9,Lost Cave (room 6)
507,9,Lost Cave (room 7)
508,9,Lost Cave (room 8)
509,9,Lost Cave (room 9)
510,9,Lost Cave (room 10)
511,9,Lost Cave (item rooms)
512,9,Kindle Road
513,9,Treasure Beach
514,9,Cape Brink
515,9,Bond Bridge
516,9,Three Isle Port
517,9,Resort Gorgeous
518,9,Water Labyrinth
519,9,Five Isle Meadow
520,9,Memorial Pillar
521,9,Outcast Island
522,9,Green Path
523,9,Water Path
524,9,Ruin Valley
525,9,Trainer Tower
526,9,Canyon Entrance
527,9,Sevault Canyon
528,9,Tanoby Ruins
561,9,One Island
562,9,Four Island
563,9,Five Island
564,9,Altering Cave (A)
565,9,Altering Cave (B)
566,9,Altering Cave (C)
567,9,Altering Cave (D)
568,9,Altering Cave (E)
569,9,Altering Cave (F)
570,9,Altering Cave (G)
571,9,Altering Cave (H)
572,9,Altering Cave (I)
576,9,Striaton City
577,9,Driftveil City
578,9,Icirrus City
579,9,Dreamyard
580,9,Dreamyard (B1F)
581,9,Pinwheel Forest (outside)
582,9,Pinwheel Forest (inside)
583,9,Desert Resort (entrance)
584,9,Desert Resort
585,9,Relic Castle (A)
586,9,Relic Castle (B)
587,9,Relic Castle (C)
588,9,Relic Castle (D)
589,9,Cold Storage
590,9,Chargestone Cave (1F)
591,9,Chargestone Cave (B1F)
592,9,Chargestone Cave (B2F)
593,9,Twist Mountain
594,9,Dragonspiral Tower (entrance)
595,9,Dragonspiral Tower (outside)
596,9,Dragonspiral Tower (1F)
597,9,Dragonspiral Tower (2F)
598,9,Victory Road (outside)
599,9,Victory Road (unknown area 53)
600,9,Victory Road (unknown area 54)
601,9,Victory Road (unknown area 55)
602,9,Victory Road (4f Middle Room)
603,9,Victory Road (unknown area 57)
604,9,Victory Road (unknown area 58)
605,9,Victory Road (unknown area 59)
606,9,Victory Road (unknown area 60)
607,9,Victory Road (unknown area 61)
608,9,Victory Road (unknown area 62)
609,9,Victory Road (unknown area 63)
610,9,Victory Road (unknown area 64)
611,9,Victory Road (unknown area 65)
612,9,Victory Road (unknown area 66)
613,9,Trial Chamber
614,9,Giant Chasm (outside)
615,9,Giant Chasm
616,9,Giant Chasm (forest)
617,9,Giant Chasm (forest cave)
618,9,P2 Laboratory
619,9,Undella Bay
620,9,Driftveil Drawbridge
621,9,Village Bridge
622,9,Marvelous Bridge
623,9,Road 1
624,9,Road 2
625,9,Road 3
626,9,Wellspring Cave
627,9,Road 4
628,9,Road 5
629,9,Road 6
630,9,Mistralton Cave
631,9,Guidance Chamber
632,9,Road 7
633,9,Celestial Tower (2F)
634,9,Celestial Tower (3F)
635,9,Celestial Tower (4F)
636,9,Celestial Tower (5F)
637,9,Road 8
638,9,Moor of Icirrus
639,9,Road 9
640,9,Challengers Cave (1F)
641,9,Challengers Cave (B1F)
642,9,Challengers Cave (B2F)
643,9,Road 10
644,9,Road 10 (Victory Road gate)
645,9,Road 11
646,9,Road 12
647,9,Road 13
648,9,Road 14
649,9,Abundant Shrine
650,9,Road 15
651,9,Road 16
652,9,Lostlorn Forest
653,9,Road 18
654,9,Undella Town
655,9,Road 17
656,9,Castelia City
657,9,Aspertia City
658,9,Virbank City
659,9,Humilau City
660,9,Victory Road (7F)
661,9,Victory Road 2 (unknown area 71)
662,9,Victory Road 2 (unknown area 72)
663,9,Victory Road 2 (unknown area 73)
664,9,Victory Road 2 (unknown area 74)
665,9,Victory Road 2 (unknown area 75)
666,9,Victory Road 2 (unknown area 76)
667,9,Victory Road 2 (unknown area 77)
668,9,Victory Road 2 (unknown area 78)
669,9,Victory Road 2 (unknown area 79)
670,9,Victory Road 2 (unknown area 80)
671,9,Castelia Sewers
672,9,Castelia Sewers (unknown area 38)
673,9,Floccesy Ranch (outer)
674,9,Floccesy Ranch (inner)
675,9,Virbank Complex (outer)
676,9,Virbank Complex (inner)
677,9,Reversal Mountain (unknown area 48)
678,9,Reversal Mountain (unknown area 49)
679,9,Reversal Mountain (unknown area 50)
680,9,Reversal Mountain (unknown area 51)
681,9,Reversal Mountain (unknown area 52)
682,9,Reversal Mountain (unknown area 53)
683,9,Reversal Mountain (unknown area 54)
684,9,Reversal Mountain (unknown area 55)
685,9,Reversal Mountain (unknown area 56)
686,9,Reversal Mountain (unknown area 57)
687,9,Reversal Mountain (unknown area 58)
688,9,Reversal Mountain (unknown area 59)
689,9,Reversal Mountain (unknown area 60)
690,9,Strange House (1F)
691,9,Strange House (B1F)
692,9,Relic Tunnel (Castelia Sewers entrance)
693,9,Relic Tunnel (Relic Castle entrance)
694,9,Relic Tunnel (PWT entrance)
695,9,Clay Tunnel
696,9,Underground Ruins
697,9,Rocky Mountain Room
698,9,Glacier Room
699,9,Iron Room
700,9,Seaside Cave (1F)
701,9,Seaside Cave (B1F)
702,9,Nature Sanctuary
703,9,Road 19
704,9,Road 20
705,9,Road 22
706,9,Road 23
707,9,Road 21
708,9,Couriway Town
709,9,Ambrette Town
710,9,Cyllage City
711,9,Shalour City
712,9,Laverre City
713,9,Road 2
714,9,Road 3
715,9,Road 4
716,9,Road 5
717,9,Road 6
718,9,Road 7
719,9,Road 8
720,9,Road 9
721,9,Road 10
722,9,Road 11
723,9,Road 12
724,9,Road 13
725,9,Road 14
726,9,Road 15
727,9,Road 16
728,9,Road 17
729,9,Road 18
730,9,Road 19
731,9,Road 20
732,9,Road 21
733,9,Road 22
734,9,Santalune Forest
735,9,Parfum Palace
736,9,Glittering Cave (unknown area 303)
737,9,Glittering Cave (unknown area 304)
738,9,Reflection Cave (unknown area 305)
739,9,Reflection Cave (unknown area 306)
740,9,Reflection Cave (unknown area 307)
741,9,Reflection Cave (unknown area 308)
742,9,Frost Cavern (unknown area 313)
743,9,Frost Cavern (unknown area 314)
744,9,Frost Cavern (unknown area 315)
745,9,Frost Cavern (unknown area 316)
746,9,Frost Cavern (unknown area 317)
747,9,Pokemon Village
748,9,Victory Road (unknown area 322)
749,9,Victory Road (unknown area 324)
750,9,Victory Road (unknown area 326)
751,9,Victory Road (unknown area 327)
752,9,Victory Road (unknown area 328)
753,9,Connecting Cave
754,9,Terminus Cave (unknown area 343)
754,9,Terminus Cave (1F)
755,9,Terminus Cave (unknown area 344)
755,9,Terminus Cave (B1F left)
756,9,Terminus Cave (unknown area 345)
756,9,Terminus Cave (B1F right)
757,9,Terminus Cave (unknown area 347)
757,9,Terminus Cave (B2F)
758,9,Terminus Cave (unknown area 348)
758,9,Terminus Cave (Zygarde's Chamber)
759,9,Lost Hotel
760,9,Azure Bay
761,9,Pokemon Center (Road 4)
762,9,Fighting Dojo
763,9,Celadon Mansion rooftop
764,9,Silph Co. 7F
765,9,Goldenrod City (north gate)
766,9,Goldenrod City (Bill's house)
767,9,Cianwood City (Mania's house)
768,9,Weather Institute (Road 119)
769,9,Mossdeep City (Steven's house)
770,9,Littleroot Town
771,9,Hearthome City
772,9,Veilstone City
773,9,Cianwood City (Kirk's house)
774,9,Nuvema Town
775,9,Game Freak HQ 1F (Castelia City)
776,9,Weather Institute (Road 6)
777,9,Floccesy Town
778,9,Aquacorde Town
779,9,Lumiose City
780,9,Tower of Mastery
781,9,Contest Hall (Slateport City)
782,9,Contest Hall (Verdanturf Town)
783,9,Contest Hall (Fallarbor Town)
784,9,Contest Hall (Lilycove City)
785,9,Southern Island
786,9,Battle Resort
787,9,Lavaridge Town
788,9,Eterna City (west gate)
789,9,Hearthome City (west gate)
790,9,Violet City (Poke Mart)
791,9,Violet City (Pokemon Center)
792,9,Nacrene City (west gate)
793,9,Bell Tower (roof)
794,9,Roaming Kanto
795,9,Wandert durch Johto
796,9,Roaming Hoenn
797,9,Roaming Sinnoh
798,9,Azalea Town
800,9,Mahogany City
801,9,Cave of Origin (B4F)
802,9,Terra Cave
803,9,Marine Cave
804,9,Sky Pillar Apex
805,9,Bell Tower (1F)
806,9,Birth Island
807,9,Navel Rock
808,9,Faraway Island
809,9,Hoenn Battle Frontier
810,9,Desert Ruins
811,9,Island Cave
812,9,Ancient Tomb
813,9,Safari Zone Peak
814,9,Safari Zone Desert
815,9,Safari Zone Plains
816,9,Safari Zone Meadow
817,9,Safari Zone Forest
818,9,Safari Zone Swamp
819,9,Safari Zone Marshland
820,9,Safari Zone Mountain
821,9,Safari Zone Rocky Beach
822,9,Safari Zone Wasteland
823,9,Safari Zone Savannah
824,9,Safari Zone Wetland
825,9,Mount Ember Summit
826,9,Embedded Tower (Kyogre’s room)
827,9,Embedded Tower (Groudon’s room)
828,9,Embedded Tower (Rayquaza’s room)
829,9,Lake Acuity Cavern
830,9,Lake Valor Cavern
831,9,Spear Pillar
832,9,Pokemon Center (Road 3)
833,9,Cinnabar Lab (Cinnabar Island)
834,9,Rustboro City
835,9,Silph Co.
836,9,Pokemon Center (Cianwood City)
837,9,Stark Mountain (Heatran Chamber)
838,9,Newmoon Island
839,9,Flower Paradise
840,9,Hall of Origin
841,9,Team Rocket HQ
842,9,Sinjoy Ruins
843,9,Route 1
844,9,Route 2
845,9,Route 3 (East)
847,9,Route 4
848,9,Route 5
849,9,Route 6
850,9,Route 7
851,9,Route 8 (Main)
852,9,Route 8 (Steamdrift Way)
853,9,Route 9 (Main)
854,9,Route 9 (Circhester Bay)
855,9,Route 9 (Outer Spikemuth)
856,9,Route 10 (Main)
857,9,Route 10 (Near Station)
858,9,Axew's Eye
859,9,Ballimere Lake
860,9,Ballonlea
861,9,Battle Tower
862,9,Brawlers' Cave
863,9,Bridge Field
864,9,Challenge Beach
868,9,Challenge Road
869,9,Circhester
870,9,Courageous Cavern
871,9,Crown Shrine
872,9,Dappled Grove
873,9,Dusty Bowl
874,9,Dyna Tree Hill
875,9,East Lake Axewell
876,9,Fields of Honor
878,9,Forest of Focus
879,9,Freezington
880,9,Frigid Sea
881,9,Frostpoint Field
882,9,Galar Mine
883,9,Galar Mine No. 2
884,9,Giant's Bed
885,9,Giant's Cap (Main Area)
886,9,Giant's Cap (Area 2)
887,9,Giant's Cap (Area 3)
888,9,Giant's Foot
889,9,Giant's Mirror (Main Area)
890,9,Giant's Seat
891,9,Glimwood Tangle
892,9,Hammerlocke
893,9,Hammerlocke Hills
894,9,Honeycalm Island
895,9,Honeycalm Sea
896,9,Hulbury
897,9,Iceberg Ruins
898,9,Insular Sea
899,9,Iron Ruins
900,9,Lake of Outrage
901,9,Lakeside Cave
902,9,Loop Lagoon
904,9,Master Dojo
905,9,Max Lair
906,9,Motostoke
907,9,Motostoke Outskirts
908,9,Motostoke Riverbank
909,9,North Lake Miloch
910,9,Old Cemetery
911,9,Path to the Peak
912,9,Postwick
913,9,Potbottom Desert
914,9,Roaring-Sea Caves
915,9,Rock Peak Ruins
916,9,Rolling Fields (Main Area)
917,9,Rolling Fields (Area 2)
918,9,Slippery Slope
919,9,Slumbering Weald (Entrance)
920,9,Snowslide Slope
921,9,Soothing Wetlands
922,9,South Lake Miloch (Main Area)
923,9,South Lake Miloch (Area 2)
924,9,Spikemuth
925,9,Split-Decision Ruins
927,9,Stepping-Stone Sea (Main Area)
928,9,Stepping-Stone Sea (Area 2)
929,9,Stony Wilderness (Main Area)
930,9,Stony Wilderness (Area 2)
931,9,Stony Wilderness (Area 3)
932,9,Stow-on-Side
933,9,Three-Point Pass
934,9,Tower of Darkness
935,9,Tower of Waters
936,9,Training Lowlands
938,9,Tunnel to the Top
939,9,Turffield
940,9,Warm-Up Tunnel
941,9,Watchtower Ruins
942,9,Wedgehurst
943,9,West Lake Axewell
944,9,Workout Sea
945,9,Wyndon
1167,9,Lighthouse Basement
1169,9,Rumination Field
1169,9,Roaming Unova
1179,9,Sea Mauville (Outside)
1180,9,Sea Mauville (Inside)
1181,9,Mossdeep Space Center
1182,9,Roaming Kalos
1183,9,Nameless Cavern
1184,9,Soaring in the Sky
1185,9,Scorched Slab (1F)
1186,9,Scorched Slab (B1F)
1187,9,Scorched Slab (B2F)
1188,9,Scorched Slab (B3F)
1189,9,Crescent Isle
1190,9,Pathless Plain
1191,9,Fabled Cave
1192,9,Gnarled Den
1194,9,Trainers' School
1195,9,Ultra Space Wilds Cliff World
1196,9,Ultra Space Wilds Water World
1197,9,Ultra Space Wilds Rocky World
1198,9,Ultra Space Wilds Cave World
1199,9,Mount Lanakila Crater
1215,9,Mirage Island (West Of Dewford Town)
1216,9,Mirage Island (West Of Route 104)
1217,9,Mirage Island (Route 114)
1218,9,Mirage Island (Route 124)
1219,9,Mirage Island (Route 132)
1220,9,Mirage Island (South of Route 134)
1221,9,Mirage Island (South of Pacifidlog)
1222,9,Mirage Island (East of Shoal Cave)
1223,9,Mirage Island
1224,9,Mirage Forest (North of Lilycove)
1225,9,Mirage Forest (South of Route 132)
1226,9,Mirage Forest (East of Mossdeep)
1227,9,Mirage Forest (South of Route 109)
1228,9,Mirage Forest (North of Route 124)
1229,9,Mirage Forest (West of Route 114)
1230,9,Mirage Forest (West of Route 105)
1231,9,Mirage Forest (South of Route 111)
1232,9,Outskirt Stand (Outside)
1233,9,Phenac City (Mayor's House)
1234,9,Snagem Hideout 1F
1235,9,Shadow Pokémon Lab B2F
1236,9,Phenac City (West Exit)
1237,9,Phenac City (East Exit)
1238,9,Phenac City (South Exit)
1239,9,Pyrite Town (Duel Square)
1240,9,Pyrite Town (Entrance)
1241,9,Pyrite Bldg 1F
1242,9,Pyrite Cave (Miror's Hideout)
1243,9,Pyrite Bldg 4F
1244,9,Pyrite Cave (Outside)
1245,9,Pyrite Cave (South Sewers)
1246,9,Pyrite Cave B1F
1247,9,Pyrite Cave B1F (Post Sewers)
1248,9,Realgam Tower
1249,9,Phenac City Stadium
1250,9,Pyrite Town (Duking's House)
1251,9,Shadow Pokémon Lab B1F
1252,9,Agate Village (Relic Forest)
1253,9,The Under Colosseum
1254,9,Mt. Battle 10F
1255,9,The Under
1256,9,The Under (TV Studio)
1257,9,The Under (Subway)
1258,9,Snagem Hideout 2F
1259,9,Realgam Tower Colosseum
1260,9,The Under (Deep Colosseum)
1261,9,Mt. Battle 100F
1262,9,Phenac City (Card E Room)
1263,9,Pokemon HQ Lab
1264,9,Pokemon HQ Lab (Outside)
1265,9,Gateon Port (Across Bridge)
1266,9,Gateon Port (Lighthouse Top)
1267,9,Cipher Lab (Outside)
1268,9,Cipher Lab B2F
1269,9,Cipher Lab B1F
1270,9,Cave Pokespot
1271,9,ONBS 2F
1272,9,ONBS 3F
1273,9,ONBS Roof
1274,9,ONBS 4F
1275,9,Phenac City Prestige Precept Center
1276,9,Cipher Key Lair (Outside)
1277,9,Cipher Key Lair 1F
1278,9,Cipher Key Lair 2F
1279,9,Cipher Key Lair 3F
1280,9,Cipher Key Lair 4F
1281,9,Cipher Key Lair Roof
1282,9,Cipher Key Lair 5F
1283,9,Citadark Isle (Outside)
1284,9,Citadark Isle 1F
1285,9,Citadark Isle B1F
1286,9,Citadark Isle 2F
1287,9,Citadark Isle 3F
1288,9,Citadark Isle 6F
1289,9,Citadark Isle Dome Exterior
1290,9,Citadark Isle Dome B1F
1291,9,Citadark Isle Dome 1F
1292,9,Citadark Isle Dome 2F
1293,9,Gateon Port
1294,9,Rock Pokespot
1295,9,Oasis Pokespot
1296,9,Mt. Battle Lobby
1297,9,Outskirt Stand (Inside)
1298,9,Pyrite Town Colosseum
1299,9,Phenac City Stadium (Outside)
1300,9,Celadon City Prize Corner
1301,9,Goldenrod City Game Corner
1302,9,Kanto Underground Path
1303,9,Violet City (Southwest House)
1304,9,Goldenrod City Department Store 5F
1305,9,Mirage Cave (South of Pacifidlog)
1306,9,Mirage Cave (North of Route 132)
1307,9,Mirage Cave (North of Fallarbor)
1308,9,Mirage Cave (North of Fortree)
1309,9,Mirage Cave (South East of Route 129)
1310,9,Mirage Cave (South of Route 107)
1311,9,Mirage Cave (North of Route 124)
1312,9,Mirage Cave (West of Rustboro)
1313,9,Mirage Mountain (East of Mossdeep)
1314,9,Mirage Mountain (North of Mossdeep)
1315,9,Mirage Mountain (South East of Route 129)
1316,9,Mirage Mountain (North of Lilycove)
1317,9,Mirage Mountain (West of Route 104)
1318,9,Mirage Mountain (South of Route 129)
1319,9,Mirage Mountain (South of Route 131)
1320,9,Mirage Mountain (North East of Route 125)
1321,9,Fortree City
1322,9,Friend Safari (Normal)
1323,9,Friend Safari (Fire)
1324,9,Friend Safari (Fighting)
1325,9,Friend Safari (Water)
1326,9,Friend Safari (Flying)
1327,9,Friend Safari (Grass)
1328,9,Friend Safari (Poison)
1329,9,Friend Safari (Electric)
1330,9,Friend Safari (Ground)
1331,9,Friend Safari (Psychic)
1332,9,Friend Safari (Rock)
1333,9,Friend Safari (Ice)
1334,9,Friend Safari (Bug)
1335,9,Friend Safari (Dragon)
1336,9,Friend Safari (Ghost)
1337,9,Friend Safari (Dark)
1338,9,Friend Safari (Steel)
1339,9,Friend Safari (Fairy)
1340,9,Route 2 (Hidden Grotto)
1341,9,Route 3 (Hidden Grotto – Dark Grass)
1342,9,Route 3 (Hidden Grotto – Pond)
1343,9,Route 5 (Hidden Grotto)
1344,9,Route 6 (Hidden Grotto – Near Pokemon Breeder)
1345,9,Route 6 (Hidden Grotto – Mistralton Cave)
1346,9,Route 7 (Hidden Grotto)
1347,9,Route 9 (Hidden Grotto)
1348,9,Route 13 (Hidden Grotto – Giant Chasm)
1349,9,Route 13 (Hidden Grotto – Stairs)
1350,9,Route 18 (Hidden Grotto)
1351,9,Route 22 (Hidden Grotto)
1352,9,Route 23 (Hidden Grotto)
1353,9,Floccesy Ranch (Hidden Grotto)
1354,9,Lostlorn Forest (Hidden Grotto)
1355,9,Giant Chasm (Hidden Grotto)
1356,9,Abundant Shrine (Hidden Grotto – Near Youngster)
1357,9,Abundant Shrine (Hidden Grotto – Shrine)
1358,9,Pinwheel Forest (Hidden Grotto – Outer area)
1359,9,Pinwheel Forest (Hidden Grotto – Inner area)
1360,9,Oreburgh Mining Museum
1361,9,Pewter Museum of Science
1362,9,Floaroma Meadow
1363,9,Safari Zone Gate
1364,9,Accumula Town
1365,9,Route 2 (Lake)
1366,9,Route 2 (Lakeside)
1367,9,Motostoke (Gym)
1368,9,Route 3 (West)
1369,9,Slumbering Weald (Deep)
1370,9,Energy Plant Tower Summit
1371,9,Meetup Spot
1372,9,Postwick (Leon's Room)
1373,9,Motostoke Pokémon Center
1374,9,Turffield (Gym)
1375,9,Ballonlea (Gym)
1376,9,Random caves across the Isle of Armor
1377,9,Nacrene Museum
1378,9,Giant's Mirror (Area 2)
1379,9,Distortion World
1380,9,Galar Wild Areas
1381,9,The Isle of Armor
1382,9,The Crown Tundra
1383,9,All Max Dens in the Galar Wild Area
1384,9,Rolling Fields (Max Den A)
1385,9,Rolling Fields (Max Den B)
1386,9,Rolling Fields (Max Den C)
1387,9,Rolling Fields (Max Den D)
1388,9,Rolling Fields (Max Den E)
1389,9,Rolling Fields (Max Den F)
1390,9,Rolling Fields (Max Den G)
1391,9,Rolling Fields (Max Den H)
1392,9,Rolling Fields (Max Den I)
1393,9,Dappled Grove (Max Den A)
1394,9,Dappled Grove (Max Den B)
1395,9,Dappled Grove (Max Den C)
1396,9,Dappled Grove (Max Den D)
1397,9,Dappled Grove (Max Den E)
1398,9,West Lake Axewell (Max Den A)
1399,9,West Lake Axewell (Max Den B)
1400,9,West Lake Axewell (Max Den C)
1401,9,West Lake Axewell (Max Den D)
1402,9,West Lake Axewell (Max Den E)
1403,9,West Lake Axewell (Max Den F)
1404,9,Watchtower Ruins (Max Den A)
1405,9,Watchtower Ruins (Max Den C)
1406,9,East Lake Axewell (Max Den A)
1407,9,East Lake Axewell (Max Den B)
1408,9,East Lake Axewell (Max Den C)
1409,9,East Lake Axewell (Max Den D)
1410,9,East Lake Axewell (Max Den E)
1411,9,Axew's Eye (Max Den A)
1412,9,North Lake Miloch (Max Den A)
1413,9,North Lake Miloch (Max Den B)
1414,9,North Lake Miloch (Max Den C)
1415,9,North Lake Miloch (Max Den D)
1416,9,North Lake Miloch (Max Den E)
1417,9,North Lake Miloch (Max Den F)
1418,9,Giant's Seat (Max Den A)
1419,9,Giant's Seat (Max Den B)
1420,9,Giant's Seat (Max Den C)
1421,9,Giant's Seat (Max Den D)
1422,9,Giant's Seat (Max Den E)
1423,9,South Lake Miloch (Max Den A)
1424,9,South Lake Miloch (Max Den B)
1425,9,South Lake Miloch (Max Den C)
1426,9,South Lake Miloch (Max Den D)
1427,9,South Lake Miloch (Max Den E)
1428,9,Motostoke Riverbank (Max Den A)
1429,9,Motostoke Riverbank (Max Den B)
1430,9,Motostoke Riverbank (Max Den C)
1431,9,Motostoke Riverbank (Max Den D)
1432,9,Bridge Field (Max Den A)
1433,9,Bridge Field (Max Den B)
1434,9,Bridge Field (Max Den C)
1435,9,Bridge Field (Max Den D)
1436,9,Bridge Field (Max Den E)
1437,9,Bridge Field (Max Den F)
1438,9,Bridge Field (Max Den G)
1439,9,Bridge Field (Max Den H)
1440,9,Bridge Field (Max Den I)
1441,9,Stony Wilderness (Max Den A)
1442,9,Stony Wilderness (Max Den B)
1443,9,Stony Wilderness (Max Den C)
1444,9,Stony Wilderness (Max Den D)
1445,9,Stony Wilderness (Max Den E)
1446,9,Stony Wilderness (Max Den F)
1447,9,Stony Wilderness (Max Den G)
1448,9,Stony Wilderness (Max Den H)
1449,9,Stony Wilderness (Max Den I)
1450,9,Stony Wilderness (Max Den J)
1451,9,Stony Wilderness (Max Den K)
1452,9,Stony Wilderness (Max Den L)
1453,9,Giant's Cap (Max Den A)
1454,9,Giant's Cap (Max Den B)
1455,9,Giant's Cap (Max Den C)
1456,9,Giant's Cap (Max Den D)
1457,9,Giant's Cap (Max Den E)
1458,9,Dusty Bowl (Max Den A)
1459,9,Dusty Bowl (Max Den B)
1460,9,Dusty Bowl (Max Den C)
1461,9,Dusty Bowl (Max Den D)
1462,9,Dusty Bowl (Max Den E)
1463,9,Dusty Bowl (Max Den F)
1464,9,Dusty Bowl (Max Den G)
1465,9,Dusty Bowl (Max Den H)
1466,9,Dusty Bowl (Max Den I)
1467,9,Giant's Mirror (Max Den A)
1468,9,Giant's Mirror (Max Den B)
1469,9,Giant's Mirror (Max Den C)
1470,9,Giant's Mirror (Max Den D)
1471,9,Giant's Mirror (Max Den E)
1472,9,Lake of Outrage (Max Den A)
1473,9,Lake of Outrage (Max Den B)
1474,9,Lake of Outrage (Max Den C)
1475,9,Lake of Outrage (Max Den D)
1476,9,Hammerlocke Hills (Max Den A)
1477,9,Hammerlocke Hills (Max Den B)
1478,9,Hammerlocke Hills (Max Den C)
1479,9,Hammerlocke Hills (Max Den D)
1480,9,Hammerlocke Hills (Max Den E)
1481,9,Hammerlocke Hills (Max Den F)
1482,9,Hammerlocke Hills (Max Den G)
1484,9,Fields of Honor (Max Den A)
1485,9,Fields of Honor (Max Den B)
1486,9,Fields of Honor (Max Den C)
1487,9,Fields of Honor (Max Den D)
1488,9,Fields of Honor (Max Den E)
1489,9,Fields of Honor (Max Den F)
1490,9,Fields of Honor (Max Den G)
1491,9,Fields of Honor (Max Den H)
1492,9,Fields of Honor (Max Den I)
1493,9,Fields of Honor (Max Den J)
1494,9,Soothing Wetlands (Max Den A)
1495,9,Soothing Wetlands (Max Den B)
1496,9,Soothing Wetlands (Max Den C)
1497,9,Soothing Wetlands (Max Den D)
1498,9,Soothing Wetlands (Max Den E)
1499,9,Soothing Wetlands (Max Den F)
1500,9,Soothing Wetlands (Max Den G)
1501,9,Soothing Wetlands (Max Den H)
1502,9,Soothing Wetlands (Max Den I)
1503,9,Forest of Focus (Max Den A)
1504,9,Forest of Focus (Max Den B)
1505,9,Forest of Focus (Max Den C)
1506,9,Forest of Focus (Max Den D)
1507,9,Forest of Focus (Max Den E)
1508,9,Forest of Focus (Max Den F)
1509,9,Challenge Beach (Max Den A)
1510,9,Challenge Beach (Max Den B)
1511,9,Challenge Beach (Max Den C)
1512,9,Challenge Beach (Max Den D)
1513,9,Challenge Beach (Max Den E)
1514,9,Challenge Beach (Max Den F)
1515,9,Challenge Beach (Max Den G)
1516,9,Challenge Beach (Max Den H)
1517,9,Brawlers' Cave (Max Den A)
1518,9,Challenge Road (Max Den A)
1519,9,Challenge Road (Max Den B)
1520,9,Challenge Road (Max Den C)
1521,9,Challenge Road (Max Den D)
1522,9,Courageous Cavern (Max Den A)
1523,9,Courageous Cavern (Max Den B)
1524,9,Courageous Cavern (Max Den C)
1525,9,Courageous Cavern (Max Den D)
1526,9,Courageous Cavern (Max Den E)
1527,9,Courageous Cavern (Max Den F)
1528,9,Loop Lagoon (Max Den A)
1529,9,Loop Lagoon (Max Den B)
1530,9,Loop Lagoon (Max Den C)
1531,9,Loop Lagoon (Max Den D)
1532,9,Training Lowlands (Max Den A)
1533,9,Training Lowlands (Max Den B)
1534,9,Training Lowlands (Max Den C)
1535,9,Training Lowlands (Max Den D)
1536,9,Training Lowlands (Max Den E)
1537,9,Training Lowlands (Max Den F)
1538,9,Training Lowlands (Max Den G)
1539,9,Potbottom Desert (Max Den A)
1540,9,Potbottom Desert (Max Den B)
1541,9,Potbottom Desert (Max Den C)
1542,9,Workout Sea (Max Den A)
1543,9,Workout Sea (Max Den B)
1544,9,Workout Sea (Max Den C)
1545,9,Workout Sea (Max Den D)
1546,9,Workout Sea (Max Den E)
1547,9,Workout Sea (Max Den F)
1548,9,Workout Sea (Max Den G)
1549,9,Stepping-Stone Sea (Max Den A)
1550,9,Stepping-Stone Sea (Max Den B)
1551,9,Stepping-Stone Sea (Max Den C)
1552,9,Stepping-Stone Sea (Max Den D)
1553,9,Stepping-Stone Sea (Max Den E)
1554,9,Stepping-Stone Sea (Max Den F)
1555,9,Stepping-Stone Sea (Max Den G)
1556,9,Stepping-Stone Sea (Max Den H)
1557,9,Stepping-Stone Sea (Max Den I)
1558,9,Insular Sea (Max Den A)
1559,9,Insular Sea (Max Den B)
1560,9,Insular Sea (Max Den C)
1561,9,Insular Sea (Max Den D)
1562,9,Insular Sea (Max Den E)
1563,9,Honeycalm Sea (Max Den A)
1564,9,Honeycalm Sea (Max Den B)
1565,9,Honeycalm Sea (Max Den C)
1566,9,Honeycalm Sea (Max Den D)
1567,9,Honeycalm Sea (Max Den E)
1568,9,Honeycalm Island (Max Den A)
1569,9,Honeycalm Island (Max Den B)
1570,9,Honeycalm Island (Max Den C)
1571,9,Honeycalm Island (Max Den D)
1572,9,Honeycalm Island (Max Den E)
1573,9,Honeycalm Island (Max Den F)
1574,9,Slippery Slope (Max Den A)
1575,9,Slippery Slope (Max Den B)
1576,9,Slippery Slope (Max Den C)
1577,9,Slippery Slope (Max Den D)
1578,9,Slippery Slope (Max Den E)
1579,9,Slippery Slope (Max Den F)
1580,9,Frostpoint Field (Max Den A)
1581,9,Frostpoint Field (Max Den B)
1582,9,Frostpoint Field (Max Den C)
1583,9,Frostpoint Field (Max Den D)
1584,9,Frostpoint Field (Max Den E)
1585,9,Old Cemetery (Max Den A)
1586,9,Old Cemetery (Max Den B)
1587,9,Snowslide Slope (Max Den A)
1588,9,Snowslide Slope (Max Den B)
1589,9,Snowslide Slope (Max Den C)
1590,9,Snowslide Slope (Max Den D)
1591,9,Snowslide Slope (Max Den E)
1592,9,Snowslide Slope (Max Den F)
1593,9,Snowslide Slope (Max Den G)
1594,9,Snowslide Slope (Max Den H)
1595,9,Snowslide Slope (Max Den I)
1596,9,Path to the Peak (Max Den A)
1597,9,Path to the Peak (Max Den B)
1598,9,Path to the Peak (Max Den C)
1599,9,Crown Shrine (Max Den A)
1600,9,Three-Point Pass (Max Den A)
1601,9,Three-Point Pass (Max Den B)
1602,9,Dyna Tree Hill (Max Den A)
1603,9,Giant's Bed (Max Den A)
1604,9,Giant's Bed (Max Den B)
1605,9,Giant's Bed (Max Den C)
1606,9,Giant's Bed (Max Den D)
1607,9,Giant's Bed (Max Den E)
1608,9,Giant's Bed (Max Den F)
1609,9,Giant's Bed (Max Den G)
1610,9,Giant's Bed (Max Den H)
1611,9,Giant's Bed (Max Den I)
1612,9,Giant's Bed (Max Den J)
1613,9,Giant's Bed (Max Den K)
1614,9,Giant's Bed (Max Den L)
1615,9,Giant's Bed (Max Den M)
1616,9,Giant's Bed (Max Den N)
1617,9,Giant's Bed (Max Den O)
1618,9,Giant's Bed (Max Den P)
1619,9,Giant's Bed (Max Den Q)
1620,9,Giant's Bed (Max Den R)
1621,9,Giant's Bed (Max Den S)
1622,9,Giant's Bed (Max Den T)
1623,9,Giant's Bed (Max Den U)
1624,9,Giant's Foot (Max Den A)
1625,9,Giant's Foot (Max Den B)
1626,9,Giant's Foot (Max Den C)
1627,9,Giant's Foot (Max Den D)
1628,9,Giant's Foot (Max Den E)
1629,9,Frigid Sea (Max Den A)
1630,9,Frigid Sea (Max Den B)
1631,9,Frigid Sea (Max Den C)
1632,9,Frigid Sea (Max Den D)
1633,9,Frigid Sea (Max Den E)
1634,9,Frigid Sea (Max Den F)
1635,9,Frigid Sea (Max Den G)
1636,9,Frigid Sea (Max Den H)
1637,9,Frigid Sea (Max Den I)
1638,9,Frigid Sea (Max Den J)
1639,9,Frigid Sea (Max Den K)
1640,9,Frigid Sea (Max Den L)
1641,9,Frigid Sea (Max Den M)
1642,9,Frigid Sea (Max Den N)
1643,9,Ballimere Lake (Max Den A)
1644,9,Ballimere Lake (Max Den B)
1645,9,Ballimere Lake (Max Den C)
1646,9,Ballimere Lake (Max Den D)
1647,9,Ballimere Lake (Max Den E)
1648,9,Ballimere Lake (Max Den F)
1649,9,Ballimere Lake (Max Den G)
1650,9,Ballimere Lake (Max Den H)
1651,9,Ballimere Lake (Max Den I)
1652,9,Ballimere Lake (Max Den J)
1653,9,Ballimere Lake (Max Den K)
1654,9,Ballimere Lake (Max Den L)
1655,9,Ballimere Lake (Max Den M)
1656,9,Ballimere Lake (Max Den N)
1657,9,Ballimere Lake (Max Den O)
1658,9,Ballimere Lake (Max Den P)
1659,9,Ballimere Lake (Max Den Q)
1660,9,Oreburgh City (Northwest House)
1661,9,Eterna City Condominiums
1662,9,Snowpoint City (Northwest House)
1663,9,Route 226 (Island House)
1664,9,Saffron City Magnet Train Station
1665,9,Olivine City Gym
