location_id,local_language_id,name,subtitle
1,9,Canalave City,
2,9,Eterna City,
3,9,Pastoria City,
4,9,Sunyshore City,
5,9,Pokémon League,
6,9,Oreburgh Mine,
7,9,Valley Windworks,
8,9,Eterna Forest,
9,9,Fuego Ironworks,
10,9,Mt. Coronet,
11,9,Great Marsh,
12,9,Solaceon Ruins,
13,9,Victory Road,
14,9,Ravaged Path,
15,9,Oreburgh Gate,
16,9,Stark Mountain,
17,9,Spring Path,
18,9,Turnback Cave,
19,9,Snowpoint Temple,
20,9,Wayward Cave,
22,9,Ruin Maniac Cave,
23,9,Trophy Garden,
24,9,Iron Island,
25,9,Old Chateau,
26,9,Lake Verity,
27,9,Lake Valor,
28,9,Lake Acuity,
29,9,Valor Lakefront,
30,9,Acuity Lakefront,
31,9,Route 201,
32,9,Route 202,
33,9,Route 203,
34,9,Route 204,
35,9,Route 205,
36,9,Route 206,
37,9,Route 207,
38,9,Route 208,
39,9,Route 209,
40,9,Lost Tower,
41,9,Route 210,
42,9,Route 211,
43,9,Route 212,
44,9,Route 213,
45,9,Route 214,
46,9,Route 215,
47,9,Route 216,
48,9,Route 217,
49,9,Route 218,
50,9,Route 219,
51,9,Route 221,
52,9,Route 222,
53,9,Route 224,
54,9,Route 225,
55,9,Route 227,
56,9,Route 228,
57,9,Route 229,
58,9,Twinleaf Town,
59,9,Celestic Town,
60,9,Resort Area,
61,9,Sea Route 220,
62,9,Sea Route 223,
63,9,Sea Route 226,
64,9,Sea Route 230,
65,9,Blackthorn City,
66,9,Burned Tower,
67,9,Celadon City,
68,9,Cerulean City,
69,9,Cherrygrove City,
70,9,Cianwood City,
71,9,Cinnabar Island,
72,9,Dark Cave,
73,9,Diglett's Cave,
74,9,Dragon's Den,
75,9,Ecruteak City,
76,9,Fuchsia City,
77,9,Ice Path,
78,9,Ilex Forest,
79,9,Lake of Rage,
80,9,Mt. Moon,
81,9,Mt. Mortar,
82,9,Mt. Silver,
83,9,National Park,
84,9,New Bark Town,
85,9,Olivine City,
86,9,Pallet Town,
87,9,Rock Tunnel,
88,9,Route 1,
89,9,Route 10,
90,9,Route 11,
91,9,Route 12,
92,9,Route 13,
93,9,Route 14,
94,9,Route 15,
95,9,Route 16,
96,9,Route 17,
97,9,Route 18,
98,9,Sea Route 19,
99,9,Route 2,
100,9,Sea Route 20,
101,9,Sea Route 21,
102,9,Route 22,
103,9,Route 24,
104,9,Route 25,
105,9,Route 26,
106,9,Route 27,
107,9,Route 28,
108,9,Route 29,
109,9,Route 3,
110,9,Route 30,
111,9,Route 31,
112,9,Route 32,
113,9,Route 33,
114,9,Route 34,
115,9,Route 35,
116,9,Route 36,
117,9,Route 37,
118,9,Route 38,
119,9,Route 39,
120,9,Route 4,
121,9,Sea Route 40,
122,9,Sea Route 41,
123,9,Route 42,
124,9,Route 43,
125,9,Route 44,
126,9,Route 45,
127,9,Route 46,
128,9,Route 47,
129,9,Route 48,
130,9,Route 5,
131,9,Route 6,
132,9,Route 7,
133,9,Route 8,
134,9,Route 9,
135,9,Ruins of Alph,
136,9,Seafoam Islands,
137,9,Slowpoke Well,
138,9,Sprout Tower,
139,9,Bell Tower,
140,9,Tohjo Falls,
141,9,Union Cave,
147,9,Cerulean Cave,
148,9,Unknown; all Poliwag,
149,9,Unknown; all Rattata,
150,9,Unknown; all bugs,
151,9,Vermilion City,
152,9,Victory Road,
153,9,Violet City,
154,9,Viridian City,
155,9,Viridian Forest,
156,9,Whirl Islands,
157,9,Route 23,
158,9,Kanto Power Plant,
159,9,Victory Road,
160,9,Pokémon Tower,
161,9,Pokémon Mansion,
162,9,Safari Zone,
163,9,Sandgem Town,
164,9,Floaroma Town,
165,9,Solaceon Town,
167,9,Jubilife City,
168,9,Oreburgh City,
169,9,Hearthome City,
170,9,Veilstone City,
171,9,Snowpoint City,
172,9,Spear Pillar,
173,9,Pal Park,
174,9,Amity Square,
175,9,Floaroma Meadow,
177,9,Fullmoon Island,
178,9,Sendoff Spring,
179,9,Flower Paradise,
180,9,Maniac Tunnel,
181,9,Galactic HQ,
182,9,Verity Lakefront,
183,9,Newmoon Island,
184,9,Battle Tower,
185,9,Fight Area,
186,9,Survival Area,
187,9,Seabreak Path,
188,9,Hall of Origin,
189,9,Hall of Origin,
190,9,Verity Cavern,
191,9,Valor Cavern,
192,9,Acuity Cavern,
193,9,Jubilife TV,
194,9,Pokétch Co.,
195,9,GTS,
196,9,Trainers’ School,
197,9,Mining Museum,
198,9,Flower Shop,
199,9,Cycle Shop,
200,9,Contest Hall,
201,9,Poffin House,
202,9,Foreign Building,
203,9,Pokémon Day Care,
204,9,Veilstone Store,
205,9,Game Corner,
206,9,Canalave Library,
207,9,Vista Lighthouse,
208,9,Sunyshore Market,
209,9,Footstep House,
210,9,Café,
211,9,Grand Lake,
212,9,Restaurant,
213,9,Battle Park,
214,9,Battle Frontier,
215,9,Battle Factory,
216,9,Battle Castle,
217,9,Battle Arcade,
218,9,Battle Hall,
219,9,Distortion World,
220,9,Global Terminal,
221,9,Villa,
222,9,Battleground,
223,9,ROTOM's Room,
224,9,T.G. Eterna Bldg,
225,9,Iron Ruins,
226,9,Iceberg Ruins,
227,9,Rock Peak Ruins,
228,9,Azalea Town,
229,9,Goldenrod City,
230,9,Mahogany Town,
231,9,Pewter City,
232,9,Lavender Town,
233,9,Indigo Plateau,
234,9,Saffron City,
236,9,Lighthouse,
237,9,Team Rocket HQ,
238,9,Goldenrod Tunnel,
239,9,Mt. Silver Cave,
241,9,Pokéathlon Dome,
242,9,S.S. Aqua,
243,9,Safari Zone Gate,
244,9,Cliff Cave,
245,9,Frontier Access,
246,9,Bellchime Trail,
247,9,Sinjoh Ruins,
248,9,Embedded Tower,
249,9,Pokéwalker,
250,9,Cliff Edge Gate,
252,9,Radio Tower,
253,9,Day-Care Couple,
254,9,Link trade (arrive),
255,9,Link trade (met),
256,9,Kanto,
257,9,Johto,
258,9,Hoenn,
259,9,Sinnoh,
260,9,Distant land,
261,9,Traveling Man,
262,9,Riley,
263,9,Cynthia,
264,9,Mystery Zone,
265,9,Lovely place,
266,9,Pokémon Ranger,
267,9,Faraway place,
268,9,Pokémon Movie,
269,9,Pokémon Movie 06,
270,9,Pokémon Movie 07,
271,9,Pokémon Movie 08,
272,9,Pokémon Movie 09,
273,9,Pokémon Movie 10,
274,9,Pokémon Movie 11,
275,9,Pokémon Movie 12,
276,9,Pokémon Movie 13,
277,9,Pokémon Movie 14,
278,9,Pokémon Movie 15,
279,9,Pokémon Movie 16,
280,9,Pokémon Cartoon,
281,9,Space World,
282,9,Space World 06,
283,9,Space World 07,
284,9,Space World 08,
285,9,Space World 09,
286,9,Space World 10,
287,9,Space World 11,
288,9,Space World 12,
289,9,Space World 13,
290,9,Space World 14,
291,9,Space World 15,
292,9,Space World 16,
293,9,Pokémon Festa,
294,9,Pokémon Festa 06,
295,9,Pokémon Festa 07,
296,9,Pokémon Festa 08,
297,9,Pokémon Festa 09,
298,9,Pokémon Festa 10,
299,9,Pokémon Festa 11,
300,9,Pokémon Festa 12,
301,9,Pokémon Festa 13,
302,9,Pokémon Festa 14,
303,9,Pokémon Festa 15,
304,9,Pokémon Festa 16,
305,9,POKéPARK,
306,9,POKéPARK 06,
307,9,POKéPARK 07,
308,9,POKéPARK 08,
309,9,POKéPARK 09,
310,9,POKéPARK 10,
311,9,POKéPARK 11,
312,9,POKéPARK 12,
313,9,POKéPARK 13,
314,9,POKéPARK 14,
315,9,POKéPARK 15,
316,9,POKéPARK 16,
317,9,Pokémon Center,
318,9,PC Tokyo,
319,9,PC Osaka,
320,9,PC Fukuoka,
321,9,PC Nagoya,
322,9,PC Sapporo,
323,9,PC Yokohama,
324,9,Nintendo World,
325,9,Pokémon Event,
326,9,Pokémon Event 06,
327,9,Pokémon Event 07,
328,9,Pokémon Event 08,
329,9,Pokémon Event 09,
330,9,Pokémon Event 10,
331,9,Pokémon Event 11,
332,9,Pokémon Event 12,
333,9,Pokémon Event 13,
334,9,Pokémon Event 14,
335,9,Pokémon Event 15,
336,9,Pokémon Event 16,
337,9,Wi-Fi Event,
338,9,Wi-Fi Gift,
339,9,Pokémon Fan Club,
340,9,Event Site,
341,9,Concert Event,
342,9,Mr. Pokémon,
343,9,Primo,
344,1,なぞの場所,
344,9,Mystery Zone,
345,1,遠い場所,
345,9,Faraway place,
346,1,カノコタウン,
346,9,Nuvema Town,
347,1,カラクサタウン,
347,9,Accumula Town,
348,1,サンヨウシティ,
348,9,Striaton City,
349,1,シッポウシティ,
349,9,Nacrene City,
350,1,ヒウンシティ,
350,9,Castelia City,
351,1,ライモンシティ,
351,9,Nimbasa City,
352,1,ホドモエシティ,
352,9,Driftveil City,
353,1,フキヨセシティ,
353,9,Mistralton City,
354,1,セッカシティ,
354,9,Icirrus City,
355,1,ソウリュウシティ,
355,9,Opelucid City,
356,1,１番道路,
356,9,Route 1,
357,1,２番道路,
357,9,Route 2,
358,1,３番道路,
358,9,Route 3,
359,1,４番道路,
359,9,Route 4,
360,1,５番道路,
360,9,Route 5,
361,1,６番道路,
361,9,Route 6,
362,1,７番道路,
362,9,Route 7,
363,1,８番道路,
363,9,Route 8,
364,1,９番道路,
364,9,Route 9,
365,1,１０番道路,
365,9,Route 10,
366,1,１１番道路,
366,9,Route 11,
367,1,１２番道路,
367,9,Route 12,
368,1,１３番道路,
368,9,Route 13,
369,1,１４番道路,
369,9,Route 14,
370,1,１５番道路,
370,9,Route 15,
371,1,１６番道路,
371,9,Route 16,
372,1,１７番水道,
372,9,Route 17,
373,1,１８番道路,
373,9,Route 18,
374,1,夢の跡地,
374,9,Dreamyard,
375,1,ヤグルマの森,
375,9,Pinwheel Forest,
376,1,リゾートデザート,
376,9,Desert Resort,
377,1,古代の城,
377,9,Relic Castle,
378,1,冷凍コンテナ,
378,9,Cold Storage,
379,1,電気石の洞穴,
379,9,Chargestone Cave,
380,1,ネジ山,
380,9,Twist Mountain,
381,1,リュウラセンの塔,
381,9,Dragonspiral Tower,
382,1,チャンピオンロード,
382,9,Victory Road,
383,1,カゴメタウン,
383,9,Lacunosa Town,
384,1,サザナミタウン,
384,9,Undella Town,
385,1,カナワタウン,
385,9,Anville Town,
386,1,ポケモンリーグ,
386,9,Pokémon League,
387,1,Ｎの城,
387,9,N's Castle,
388,1,ロイヤルイッシュ号,
388,9,Royal Unova,
389,1,ギアステーション,
389,9,Gear Station,
390,1,バトルサブウェイ,
390,9,Battle Subway,
391,1,ミュージカルホール,
391,9,Musical Theater,
392,1,ブラックシティ,
392,9,Black City,
393,1,ホワイトフォレスト,
393,9,White Forest,
394,1,ユナイテッドタワー,
394,9,Unity Tower,
395,1,地下水脈の穴,
395,9,Wellspring Cave,
396,1,フキヨセの洞穴,
396,9,Mistralton Cave,
397,1,思索の原,
397,9,Rumination Field,
398,1,タワーオブヘブン,
398,9,Celestial Tower,
399,1,セッカの湿原,
399,9,Moor of Icirrus,
400,1,ショッピングモール,
400,9,Shopping Mall,
401,1,修行の岩屋,
401,9,Challenger's Cave,
402,1,シフトファクトリー,
402,9,Poké Transfer Lab,
403,1,ジャイアントホール,
403,9,Giant Chasm,
404,1,リバティガーデン島,
404,9,Liberty Garden,
405,1,Ｐ２ラボ,
405,9,P2 Laboratory,
406,1,スカイアローブリッジ,
406,9,Skyarrow Bridge,
407,1,ホドモエの跳ね橋,
407,9,Driftveil Drawbridge,
408,1,シリンダーブリッジ,
408,9,Tubeline Bridge,
409,1,ビレッジブリッジ,
409,9,Village Bridge,
410,1,ワンダーブリッジ,
410,9,Marvelous Bridge,
411,1,ハイリンク,
411,9,Entralink,
412,1,ほうじょうの社,
412,9,Abundant Shrine,
413,1,サザナミ湾,
413,9,Undella Bay,
414,1,迷いの森,
414,9,Lostlorn Forest,
415,1,試練の室,
415,9,Trial Chamber,
416,1,導の間,
416,9,Guidance Chamber,
417,1,ハイリンクの森,
417,9,Entree Forest,
418,1,カラクサゲート,
418,9,Accumula Gate,
419,1,サザナミゲート,
419,9,Undella Gate,
420,1,シッポウゲート,
420,9,Nacrene Gate,
421,1,ヒウンゲート,
421,9,Castelia Gate,
422,1,ライモンゲート,
422,9,Nimbasa Gate,
423,1,ソウリュウゲート,
423,9,Opelucid Gate,
424,1,ブラックゲート,
424,9,Black Gate,
425,1,ホワイトゲート,
425,9,White Gate,
426,1,ブリッジゲート,
426,9,Bridge Gate,
427,1,ロードゲート,
427,9,Route Gate,
428,1,海底遺跡,
428,9,Abyssal Ruins,
429,1,トウカシティ,
429,9,Petalburg City,
429,11,トウカシティ,
430,1,カイナシティ,
430,9,Slateport City,
430,11,カイナシティ,
431,1,ミナモシティ,
431,9,Lilycove City,
431,11,ミナモシティ,
432,1,トクサネシティ,
432,9,Mossdeep City,
432,11,トクサネシティ,
433,1,ルネシティ,
433,9,Sootopolis City,
433,11,ルネシティ,
434,1,サイユウシティ,
434,9,Ever Grande City,
434,11,サイユウシティ,
435,1,りゅうせいのたき,
435,9,Meteor Falls,
435,11,流星の滝,
436,1,カナシダトンネル,
436,9,Rusturf Tunnel,
436,11,カナシダトンネル,
437,1,いしのどうくつ,
437,9,Granite Cave,
437,11,石の洞窟,
438,1,トウカのもり,
438,9,Petalburg Woods,
438,11,トウカの森,
439,1,デコボコさんどう,
439,9,Jagged Pass,
439,11,デコボコ山道,
440,1,ほのおのぬけみち,
440,9,Fiery Path,
440,11,炎の抜け道,
441,1,おくりびやま,
441,9,Mt. Pyre,
441,11,おくりび山,
442,1,かいていどうくつ,
442,9,Seafloor Cavern,
442,11,海底洞窟,
443,1,めざめのほこら,
443,9,Cave of Origin,
443,11,目覚めのほこら,
444,1,チャンピオンロード,
444,9,Victory Road,
444,11,チャンピオンロード,
445,1,あさせのほらあな,
445,9,Shoal Cave,
445,11,浅瀬の洞穴,
446,1,ニューキンセツ,
446,9,New Mauville,
446,11,ニューキンセツ,
447,9,Abandoned Ship,
448,1,そらのはしら,
448,9,Sky Pillar,
448,11,空の柱,
449,1,１０１ばんどうろ,
449,9,Route 101,
449,11,１０１番道路,
450,1,１０２ばんどうろ,
450,9,Route 102,
450,11,１０２番道路,
451,1,１０３ばんどうろ,
451,9,Route 103,
451,11,１０３番道路,
452,1,１０４ばんどうろ,
452,9,Route 104,
452,11,１０４番道路,
453,1,１０５ばんすいどう,
453,9,Route 105,
453,11,１０５番水道,
454,1,１０６ばんすいどう,
454,9,Route 106,
454,11,１０６番水道,
455,1,１０７ばんすいどう,
455,9,Route 107,
455,11,１０７番水道,
456,1,１０８ばんすいどう,
456,9,Route 108,
456,11,１０８番水道,
457,1,１０９ばんすいどう,
457,9,Route 109,
457,11,１０９番水道,
458,1,１１０ばんどうろ,
458,9,Route 110,
458,11,１１０番道路,
459,1,１１１ばんどうろ,
459,9,Route 111,
459,11,１１１番道路,
460,1,１１２ばんどうろ,
460,9,Route 112,
460,11,１１２番道路,
461,1,１１３ばんどうろ,
461,9,Route 113,
461,11,１１３番道路,
462,1,１１４ばんどうろ,
462,9,Route 114,
462,11,１１４番道路,
463,1,１１５ばんどうろ,
463,9,Route 115,
463,11,１１５番道路,
464,1,１１６ばんどうろ,
464,9,Route 116,
464,11,１１６番道路,
465,1,１１７ばんどうろ,
465,9,Route 117,
465,11,１１７番道路,
466,1,１１８ばんどうろ,
466,9,Route 118,
466,11,１１８番道路,
467,1,１１９ばんどうろ,
467,9,Route 119,
467,11,１１９番道路,
468,1,１２０ばんどうろ,
468,9,Route 120,
468,11,１２０番道路,
469,1,１２１ばんどうろ,
469,9,Route 121,
469,11,１２１番道路,
470,1,１２２ばんすいどう,
470,9,Route 122,
470,11,１２２番水道,
471,1,１２３ばんどうろ,
471,9,Route 123,
471,11,１２３番道路,
472,1,１２４ばんすいどう,
472,9,Route 124,
472,11,１２４番水道,
473,1,１２５ばんすいどう,
473,9,Route 125,
473,11,１２５番水道,
474,1,１２６ばんすいどう,
474,9,Route 126,
474,11,１２６番水道,
475,1,１２７ばんすいどう,
475,9,Route 127,
475,11,１２７番水道,
476,1,１２８ばんすいどう,
476,9,Route 128,
476,11,１２８番水道,
477,1,１２９ばんすいどう,
477,9,Route 129,
477,11,１２９番水道,
478,1,１３０ばんすいどう,
478,9,Route 130,
478,11,１３０番水道,
479,1,１３１ばんすいどう,
479,9,Route 131,
479,11,１３１番水道,
480,1,１３２ばんすいどう,
480,9,Route 132,
480,11,１３２番水道,
481,1,１３３ばんすいどう,
481,9,Route 133,
481,11,１３３番水道,
482,1,１３４ばんすいどう,
482,9,Route 134,
482,11,１３４番水道,
483,1,サファリゾーン,
483,9,Safari Zone,
483,11,サファリゾーン,
484,1,ムロタウン,
484,9,Dewford Town,
484,11,ムロタウン,
485,1,キナギタウン,
485,9,Pacifidlog Town,
485,11,キナギタウン,
486,9,Magma Hideout,
487,9,Mirage Tower,
488,9,Desert Underpass,
489,9,Artisan Cave,
490,9,Altering Cave,
491,9,Monean Chamber,
492,9,Liptoo Chamber,
493,9,Weepth Chamber,
494,9,Dilford Chamber,
495,9,Scufib Chamber,
496,9,Rixy Chamber,
497,9,Viapos Chamber,
498,9,S.S. Anne,
500,9,Mt. Ember,
501,9,Berry Forest,
502,9,Icefall Cave,
503,9,Pattern Bush,
504,9,Lost Cave,
505,9,Kindle Road,
506,9,Treasure Beach,
507,9,Cape Brink,
508,9,Bond Bridge,
509,9,Three Isle Port,
510,9,Resort Gorgeous,
511,9,Water Labyrinth,
512,9,Five Isle Meadow,
513,9,Memorial Pillar,
514,9,Outcast Island,
515,9,Green Path,
516,9,Water Path,
517,9,Ruin Valley,
518,9,Trainer Tower,
519,9,Canyon Entrance,
520,9,Sevault Canyon,
521,9,Tanoby Ruins,
526,9,One Island,
527,9,Four Island,
528,9,Five Island,
529,9,Altering Cave,
531,1,ヒオウギシティ,
531,9,Aspertia City,
532,1,タチワキシティ,
532,9,Virbank City,
533,1,セイガイハシティ,
533,9,Humilau City,
534,1,ポケウッド,
534,9,PokéStar Studios,
535,1,ジョインアベニュー,
535,9,Join Avenue,
536,1,サンギタウン,
536,9,Floccesy Town,
537,1,ヤマジタウン,
537,9,Lentimas Town,
538,1,１９番道路,
538,9,Route 19,
539,1,２０番道路,
539,9,Route 20,
540,1,２１番水道,
540,9,Route 21,
541,1,２２番道路,
541,9,Route 22,
542,1,２３番道路,
542,9,Route 23,
543,1,ヒウン下水道,
543,9,Castelia Sewers,
544,1,サンギ牧場,
544,9,Floccesy Ranch,
545,1,タチワキコンビナート,
545,9,Virbank Complex,
546,1,リバースマウンテン,
546,9,Reversal Mountain,
547,1,ストレンジャーハウス,
547,9,Strange House,
548,1,チャンピオンロード,
548,9,Victory Road,
549,1,プラズマフリゲート,
549,9,Plasma Frigate,
550,1,古代の抜け道,
550,9,Relic Passage,
551,1,ヤーコンロード,
551,9,Clay Tunnel,
552,1,白の樹洞,
552,9,White Treehollow,
553,1,黒の摩天楼,
553,9,Black Tower,
554,1,海辺の洞穴,
554,9,Seaside Cave,
555,1,心の空洞,
555,9,Cave of Being,
556,1,隠し穴,
556,9,Hidden Grotto,
557,1,マリンチューブ,
557,9,Marine Tube,
558,1,タチワキゲート,
558,9,Virbank Gate,
559,1,ヒオウギゲート,
559,9,Aspertia Gate,
560,1,自然保護区,
560,9,Nature Sanctuary,
561,1,メダル事務局,
561,9,Medal Secretariat,
562,1,地底遺跡,
562,9,Underground Ruins,
563,1,岩山の間,
563,9,Rocky Mountain Room,
564,1,氷山の間,
564,9,Glacier Room,
565,1,鉄の間,
565,9,Iron Room,
566,1,誓いの林,
566,9,Pledge Grove,
567,1,ミシロタウン,
567,9,Littleroot Town,
567,11,ミシロタウン,
568,1,コトキタウン,
568,9,Oldale Town,
568,11,コトキタウン,
569,1,フエンタウン,
569,9,Lavaridge Town,
569,11,フエンタウン,
570,1,ハジツゲタウン,
570,9,Fallarbor Town,
570,11,ハジツゲタウン,
571,1,シダケタウン,
571,9,Verdanturf Town,
571,11,シダケタウン,
572,1,キンセツシティ,
572,9,Mauville City,
572,11,キンセツシティ,
573,1,カナズミシティ,
573,9,Rustboro City,
573,11,カナズミシティ,
574,1,ヒワマキシティ,
574,9,Fortree City,
574,11,ヒワマキシティ,
575,9,Underwater,
576,1,えんとつやま,
576,9,Mt. Chimney,
576,11,えんとつ山,
577,1,マボロシじま,
577,9,Mirage Island,
577,11,マボロシ島,
578,1,みなみのことう,
578,9,Southern Island,
578,11,南の孤島,
579,1,おふれのせきしつ,
579,9,Sealed Chamber,
579,11,おふれの石室,
580,1,ひでりのいわと,
580,9,Scorched Slab,
580,11,日照りの岩戸,
581,1,こじまのよこあな,
581,9,Island Cave,
581,11,小島の横穴,
582,1,さばくいせき,
582,9,Desert Ruins,
582,11,砂漠遺跡,
583,1,こだいづか,
583,9,Ancient Tomb,
583,11,古代塚,
584,1,？？？,
584,9,???,
584,11,？？？,
585,1,ひみつきち,
585,9,Secret Base,
585,11,ひみつきち,
586,9,Battle Tower,
587,1,アサメタウン,
587,9,Vaniville Town,
587,11,アサメタウン,
588,1,１ばんどうろ,
588,9,Route 1,
588,11,１番道路,
589,1,アサメのこみち,
589,9,Vaniville Pathway,
589,11,アサメの小道,
590,1,メイスイタウン,
590,9,Aquacorde Town,
590,11,メイスイタウン,
591,1,２ばんどうろ,
591,9,Route 2,
591,11,２番道路,
592,1,アバンセどおり,
592,9,Avance Trail,
592,11,アバンセ通り,
593,1,ハクダンのもり,
593,9,Santalune Forest,
593,11,ハクダンの森,
594,1,３ばんどうろ,
594,9,Route 3,
594,11,３番道路,
595,1,ウベールどおり,
595,9,Ouvert Way,
595,11,ウベール通り,
596,1,ハクダンシティ,
596,9,Santalune City,
596,11,ハクダンシティ,
597,1,４ばんどうろ,
597,9,Route 4,
597,11,４番道路,
598,1,パルテールかいどう,
598,9,Parterre Way,
598,11,パルテール街道,
599,1,ミアレシティ,
599,9,Lumiose City,
599,11,ミアレシティ,
600,1,プリズムタワー,
600,9,Prism Tower,
600,11,プリズムタワー,
601,1,フラダリラボ,
601,9,Lysandre Labs,
601,11,フラダリラボ,
602,1,５ばんどうろ,
602,9,Route 5,
602,11,５番道路,
603,1,ベルサンどおり,
603,9,Versant Road,
603,11,ベルサン通り,
604,1,コボクタウン,
604,9,Camphrier Town,
604,11,コボクタウン,
605,1,ショボンヌじょう,
605,9,Shabboneau Castle,
605,11,ショボンヌ城,
606,1,６ばんどうろ,
606,9,Route 6,
606,11,６番道路,
607,1,パレのなみきみち,
607,9,Palais Lane,
607,11,パレの並木道,
608,1,パルファムきゅうでん,
608,9,Parfum Palace,
608,11,パルファム宮殿,
609,1,７ばんどうろ,
609,9,Route 7,
609,11,７番道路,
610,1,リビエールライン,
610,9,Rivière Walk,
610,11,リビエールライン,
611,1,ショウヨウシティ,
611,9,Cyllage City,
611,11,ショウヨウシティ,
612,1,８ばんどうろ,
612,9,Route 8,
612,11,８番道路,
613,1,ミュライユかいがん,
613,9,Muraille Coast,
613,11,ミュライユ海岸,
614,1,コウジンタウン,
614,9,Ambrette Town,
614,11,コウジンタウン,
615,1,９ばんどうろ,
615,9,Route 9,
615,11,９番道路,
616,1,トゲトゲさんどう,
616,9,Spikes Passage,
616,11,トゲトゲ山道,
617,1,バトルシャトー,
617,9,Battle Chateau,
617,11,バトルシャトー,
618,1,１０ばんどうろ,
618,9,Route 10,
618,11,１０番道路,
619,1,メンヒルロード,
619,9,Menhir Trail,
619,11,メンヒルロード,
620,1,セキタイタウン,
620,9,Geosenge Town,
620,11,セキタイタウン,
621,1,１１ばんどうろ,
621,9,Route 11,
621,11,１１番道路,
622,1,ミロワールどおり,
622,9,Miroir Way,
622,11,ミロワール通り,
623,1,うつしみのどうくつ,
623,9,Reflection Cave,
623,11,映し身の洞窟,
624,1,シャラシティ,
624,9,Shalour City,
624,11,シャラシティ,
625,1,マスタータワー,
625,9,Tower of Mastery,
625,11,マスタータワー,
626,1,１２ばんどうろ,
626,9,Route 12,
626,11,１２番道路,
627,1,フラージュどおり,
627,9,Fourrage Road,
627,11,フラージュ通り,
628,1,ヒヨクシティ,
628,9,Coumarine City,
628,11,ヒヨクシティ,
629,1,１３ばんどうろ,
629,9,Route 13,
629,11,１３番道路,
630,1,ミアレのこうや,
630,9,Lumiose Badlands,
630,11,ミアレの荒野,
631,1,１４ばんどうろ,
631,9,Route 14,
631,11,１４番道路,
632,1,クノエのりんどう,
632,9,Laverre Nature Trail,
632,11,クノエの林道,
633,1,クノエシティ,
633,9,Laverre City,
633,11,クノエシティ,
634,1,ボールこうじょう,
634,9,Poké Ball Factory,
634,11,ボール工場,
635,1,１５ばんどうろ,
635,9,Route 15,
635,11,１５番道路,
636,1,ブランどおり,
636,9,Brun Way,
636,11,ブラン通り,
637,1,フウジョタウン,
637,9,Dendemille Town,
637,11,フウジョタウン,
638,1,１６ばんどうろ,
638,9,Route 16,
638,11,１６番道路,
639,1,トリストどおり,
639,9,Mélancolie Path,
639,11,トリスト通り,
640,1,フロストケイブ,
640,9,Frost Cavern,
640,11,フロストケイブ,
641,1,１７ばんどうろ,
641,9,Route 17,
641,11,１７番道路,
642,1,マンムーロード,
642,9,Mamoswine Road,
642,11,マンムーロード,
643,1,ヒャッコクシティ,
643,9,Anistar City,
643,11,ヒャッコクシティ,
644,1,１８ばんどうろ,
644,9,Route 18,
644,11,１８番道路,
645,1,エトロワ・バレどおり,
645,9,Vallée Étroite Way,
645,11,エトロワ・バレ通り,
646,1,レンリタウン,
646,9,Couriway Town,
646,11,レンリタウン,
647,1,１９ばんどうろ,
647,9,Route 19,
647,11,１９番道路,
648,1,ラルジュ・バレどおり,
648,9,Grande Vallée Way,
648,11,ラルジュ・バレ通り,
649,1,エイセツシティ,
649,9,Snowbelle City,
649,11,エイセツシティ,
650,1,２０ばんどうろ,
650,9,Route 20,
650,11,２０番道路,
651,1,まよいのもり,
651,9,Winding Woods,
651,11,迷いの森,
652,1,ポケモンのむら,
652,9,Pokémon Village,
652,11,ポケモンの村,
653,1,２１ばんどうろ,
653,9,Route 21,
653,11,２１番道路,
654,1,デルニエどおり,
654,9,Dernière Way,
654,11,デルニエ通り,
655,1,２２ばんどうろ,
655,9,Route 22,
655,11,２２番道路,
656,1,デトルネどおり,
656,9,Détourner Way,
656,11,デトルネ通り,
657,1,チャンピオンロード,
657,9,Victory Road,
657,11,チャンピオンロード,
658,1,ポケモンリーグ,
658,9,Pokémon League,
658,11,ポケモンリーグ,
659,1,キナンシティ,
659,9,Kiloude City,
659,11,キナンシティ,
660,1,バトルハウス,
660,9,Battle Maison,
660,11,バトルハウス,
661,1,アズールわん,
661,9,Azure Bay,
661,11,アズール湾,
662,1,フウジョゲート,
662,9,Dendemille Gate,
662,11,フウジョゲート,
663,1,レンリゲート,
663,9,Couriway Gate,
663,11,レンリゲート,
664,1,コウジンゲート,
664,9,Ambrette Gate,
664,11,コウジンゲート,
665,1,ミアレゲート,
665,9,Lumiose Gate,
665,11,ミアレゲート,
666,1,シャラゲート,
666,9,Shalour Gate,
666,11,シャラゲート,
667,1,ヒヨクゲート,
667,9,Coumarine Gate,
667,11,ヒヨクゲート,
668,1,クノエゲート,
668,9,Laverre Gate,
668,11,クノエゲート,
669,1,ヒャッコクゲート,
669,9,Anistar Gate,
669,11,ヒャッコクゲート,
670,1,エイセツゲート,
670,9,Snowbelle Gate,
670,11,エイセツゲート,
671,1,かがやきのどうくつ,
671,9,Glittering Cave,
671,11,輝きの洞窟,
672,1,じつなぎのどうけつ,
672,9,Connecting Cave,
672,11,地つなぎの洞穴,
673,1,ズバットたちのすみか,
673,9,Zubat Roost,
673,11,ズバットたちのすみか,
674,1,カロスはつでんしょ,
674,9,Kalos Power Plant,
674,11,カロス発電所,
675,1,フレアだんひみつきち,
675,9,Team Flare Secret HQ,
675,11,フレア団秘密基地,
676,1,ついのどうくつ,
676,9,Terminus Cave,
676,11,終の洞窟,
677,1,あれはてホテル,
677,9,Lost Hotel,
677,11,荒れ果てホテル,
678,1,うつろのま,
678,9,Chamber of Emptiness,
678,11,空ろの間,
679,1,わだつみのあな,
679,9,Sea Spirit’s Den,
679,11,海神の穴,
680,1,フレンドサファリ,
680,9,Friend Safari,
680,11,フレンドサファリ,
681,1,かえんのま,
681,9,Blazing Chamber,
681,11,火炎の間,
682,1,すいもんのま,
682,9,Flood Chamber,
682,11,水門の間,
683,1,こうてつのま,
683,9,Ironworks Chamber,
683,11,鋼鉄の間,
684,1,りゅうしょうのま,
684,9,Dragonmark Chamber,
684,11,竜章の間,
685,1,ひかりのま,
685,9,Radiant Chamber,
685,11,光の間,
686,1,ポケモンリーグゲート,
686,9,Pokémon League Gate,
686,11,ポケモンリーグゲート,
687,1,ミアレステーション,
687,9,Lumiose Station,
687,11,ミアレステーション,
688,1,キナンステーション,
688,9,Kiloude Station,
688,11,キナンステーション,
689,1,コウジンすいぞくかん,
689,9,Ambrette Aquarium,
689,11,コウジン水族館,
690,1,ななしのどうくつ,
690,9,Unknown Dungeon,
690,11,ななしの洞窟,
691,1,ポケモンリーグ,
691,9,Pokémon League,
691,11,ポケモンリーグ,
692,1,アクアだんアジト,
692,9,Team Aqua Hideout,
692,11,アクア団アジト,
693,1,シーキンセツ,
693,9,Sea Mauville,
693,11,シーキンセツ,
694,1,マグマだんアジト,
694,9,Team Magma Hideout,
694,11,マグマ団アジト,
695,1,バトルリゾート,
695,9,Battle Resort,
695,11,バトルリゾート,
696,1,タイドリップごう,
696,9,S.S. Tidal,
696,11,タイドリップ号,
697,1,マボロシもり,
697,9,Mirage Forest,
697,11,マボロシ森,
698,1,マボロシどうくつ,
698,9,Mirage Cave,
698,11,マボロシ洞窟,
699,1,マボロシやま,
699,9,Mirage Mountain,
699,11,マボロシ山,
700,1,みかいのもり,
700,9,Trackless Forest,
700,11,未開の森,
701,1,なもなきへいげん,
701,9,Pathless Plain,
701,11,名もなき平原,
702,1,みちのどうくつ,
702,9,Nameless Cavern,
702,11,未知の洞窟,
703,1,おぼろのどうくつ,
703,9,Fabled Cave,
703,11,おぼろの洞窟,
704,1,いびつなあな,
704,9,Gnarled Den,
704,11,いびつな穴,
705,1,ゆみなりのしま,
705,9,Crescent Isle,
705,11,弓形の島,
706,1,ひみつのこじま,
706,9,Secret Islet,
706,11,ひみつの小島,
707,1,おおぞら,
707,9,Soaring in the sky,
707,11,大空,
708,1,ひみつのいそべ,
708,9,Secret Shore,
708,11,ひみつのいそべ,
709,1,ひみつのはなばたけ,
709,9,Secret Meadow,
709,11,ひみつの花畑,
710,1,１ばんどうろ,ハウオリシティはずれ
710,9,Route 1,Hau’oli Outskirts
710,11,１番道路,ハウオリシティはずれ
711,1,１ばんどうろ,
711,9,Route 1,
711,11,１番道路,
712,1,３ばんどうろ,
712,9,Route 3,
712,11,３番道路,
713,1,２ばんどうろ,
713,9,Route 2,
713,11,２番道路,
714,1,カーラエわん,
714,9,Kala’e Bay,
714,11,カーラエ湾,
715,1,メレメレかい,
715,9,Melemele Sea,
715,11,メレメレ海,
716,1,ハウオリシティ,ビーチサイドエリア
716,9,Hau’oli City,Beachfront
716,11,ハウオリシティ,ビーチサイドエリア
717,1,ハウオリシティ,ショッピングエリア
717,9,Hau’oli City,Shopping District
717,11,ハウオリシティ,ショッピングエリア
718,1,ハウオリシティ,ポートエリア
718,9,Hau’oli City,Marina
718,11,ハウオリシティ,ポートエリア
719,1,リリィタウン,
719,9,Iki Town,
719,11,リリィタウン,
720,1,マハロさんどう,
720,9,Mahalo Trail,
720,11,マハロ山道,
721,1,マハロさんどう,つりばし
721,9,Mahalo Trail,Plank Bridge
721,11,マハロ山道,吊り橋
722,1,いくさのいせき,
722,9,Ruins of Conflict,
722,11,戦の遺跡,
723,1,テンカラットヒル,
723,9,Ten Carat Hill,
723,11,テンカラットヒル,
724,1,テンカラットヒル,さいおうくうどう
724,9,Ten Carat Hill,Farthest Hollow
724,11,テンカラットヒル,最奥空洞
725,1,ハウオリれいえん,
725,9,Hau’oli Cemetery,
725,11,ハウオリ霊園,
726,1,メレメレのはなぞの,
726,9,Melemele Meadow,
726,11,メレメレの花園,
727,1,うみつなぎのどうけつ,
727,9,Seaward Cave,
727,11,海繋ぎの洞穴,
728,1,きのみばたけ,
728,9,Alola Berry Fields,
728,11,きのみ畑,
729,1,しげみのどうくつ,しれんのま
729,9,Verdant Cavern,Trial Site
729,11,茂みの洞窟,試練の間
730,1,しげみのどうくつ,ぬしのま
730,9,Verdant Cavern,Totem’s Den
730,11,茂みの洞窟,ぬしの間
731,1,４ばんどうろ,
731,9,Route 4,
731,11,４番道路,
732,1,５ばんどうろ,
732,9,Route 5,
732,11,５番道路,
733,1,６ばんどうろ,
733,9,Route 6,
733,11,６番道路,
734,1,７ばんどうろ,
734,9,Route 7,
734,11,７番道路,
735,1,８ばんどうろ,
735,9,Route 8,
735,11,８番道路,
736,1,９ばんどうろ,
736,9,Route 9,
736,11,９番道路,
737,1,ハノハノリゾート,
737,9,Hano Grand Resort,
737,11,ハノハノリゾート,
738,1,ハノハノビーチ,
738,9,Hano Beach,
738,11,ハノハノビーチ,
739,1,アーカラのはなぞの,
739,9,Akala Meadow,
739,11,アーカラの花園,
740,1,オハナタウン,
740,9,Paniola Town,
740,11,オハナタウン,
741,1,カンタイシティ,
741,9,Heahea City,
741,11,カンタイシティ,
742,1,コニコシティ,
742,9,Konikoni City,
742,11,コニコシティ,
743,1,ロイヤルアベニュー,
743,9,Royal Avenue,
743,11,ロイヤルアベニュー,
744,1,メモリアルヒル,
744,9,Memorial Hill,
744,11,メモリアルヒル,
745,1,オハナぼくじょう,
745,9,Paniola Ranch,
745,11,オハナ牧場,
746,1,ヴェラかざんこうえん,
746,9,Wela Volcano Park,
746,11,ヴェラ火山公園,
747,1,ヴェラかざんこうえん,ぬしのま
747,9,Wela Volcano Park,Totem’s Den
747,11,ヴェラ火山公園,ぬしの間
748,1,せせらぎのおか,
748,9,Brooklet Hill,
748,11,せせらぎの丘,
749,1,せせらぎのおか,ぬしのま
749,9,Brooklet Hill,Totem’s Den
749,11,せせらぎの丘,ぬしの間
750,1,シェードジャングル,
750,9,Lush Jungle,
750,11,シェードジャングル,
751,1,いのちのいせき,
751,9,Ruins of Life,
751,11,命の遺跡,
752,1,アーカラじまはずれ,
752,9,Akala Outskirts,
752,11,アーカラ島はずれ,
753,1,ディグダトンネル,
753,9,Diglett’s Tunnel,
753,11,ディグダトンネル,
754,1,ロイヤルドーム,
754,9,Battle Royal Dome,
754,11,ロイヤルドーム,
755,1,１０ばんどうろ,
755,9,Route 10,
755,11,１０番道路,
756,1,１１ばんどうろ,
756,9,Route 11,
756,11,１１番道路,
757,1,ウラウラうらかいがん,
757,9,Secluded Shore,
757,11,ウラウラ裏海岸,
758,1,１３ばんどうろ,
758,9,Route 13,
758,11,１３番道路,
759,1,カプのむら,
759,9,Tapu Village,
759,11,カプの村,
760,1,１５ばんすいどう,
760,9,Route 15,
760,11,１５番水道,
761,1,１６ばんどうろ,
761,9,Route 16,
761,11,１６番道路,
762,1,１７ばんどうろ,
762,9,Route 17,
762,11,１７番道路,
763,1,１２ばんどうろ,
763,9,Route 12,
763,11,１２番道路,
764,1,ハイナさばく,
764,9,Haina Desert,
764,11,ハイナ砂漠,
765,1,１４ばんどうろ,
765,9,Route 14,
765,11,１４番道路,
766,1,ウラウラのはなぞの,
766,9,Ula’ula Meadow,
766,11,ウラウラの花園,
767,1,ポータウン,
767,9,Po Town,
767,11,ポータウン,
768,1,マリエシティ,
768,9,Malie City,
768,11,マリエシティ,
769,1,マリエていえん,
769,9,Malie Garden,
769,11,マリエ庭園,
770,1,ホクラニだけ,
770,9,Mount Hokulani,
770,11,ホクラニ岳,
771,1,ホテリやま,
771,9,Blush Mountain,
771,11,ホテリ山,
772,1,みのりのいせき,
772,9,Ruins of Abundance,
772,11,実りの遺跡,
773,1,にちりんのみずうみ,
773,9,Lake of the Sunne,
773,11,日輪の湖,
774,1,がちりんのみずうみ,
774,9,Lake of the Moone,
774,11,月輪の湖,
775,1,ラナキラマウンテン,
775,9,Mount Lanakila,
775,11,ラナキラマウンテン,
776,1,いかがわしきやしき,
776,9,Shady House,
776,11,いかがわしき屋敷,
777,1,スーパー・メガやす,あとち
777,9,Thrifty Megamart,Abandoned Site
777,11,スーパー・メガやす,跡地
778,1,ホクラニてんもんだい,
778,9,Hokulani Observatory,
778,11,ホクラニ天文台,
779,1,ポケモンリーグ,
779,9,Pokémon League,
779,11,ポケモンリーグ,
780,1,ポニのはなぞの,
780,9,Poni Meadow,
780,11,ポニの花園,
781,1,ポニのげんや,
781,9,Poni Wilds,
781,11,ポニの原野,
782,1,ポニのこどう,
782,9,Ancient Poni Path,
782,11,ポニの古道,
783,1,ポニのあらいそ,
783,9,Poni Breaker Coast,
783,11,ポニの荒磯,
784,1,ポニのじゅりん,
784,9,Poni Grove,
784,11,ポニの樹林,
785,1,ポニのこうや,
785,9,Poni Plains,
785,11,ポニの広野,
786,1,ポニのかいがん,
786,9,Poni Coast,
786,11,ポニの海岸,
787,1,ポニのけんろ,
787,9,Poni Gauntlet,
787,11,ポニの険路,
788,1,うみのたみのむら,
788,9,Seafolk Village,
788,11,海の民の村,
789,1,ポニのだいきょうこく,
789,9,Vast Poni Canyon,
789,11,ポニの大峡谷,
790,1,にちりんのさいだん,
790,9,Altar of the Sunne,
790,11,日輪の祭壇,
791,1,がちりんのさいだん,
791,9,Altar of the Moone,
791,11,月輪の祭壇,
792,1,ひがんのいせき,
792,9,Ruins of Hope,
792,11,彼岸の遺跡,
793,1,エンドケイブ,
793,9,Resolution Cave,
793,11,エンドケイブ,
794,1,ナッシー・アイランド,
794,9,Exeggutor Island,
794,11,ナッシー・アイランド,
795,1,バトルツリー,
795,9,Battle Tree,
795,11,バトルツリー,
796,1,エーテルパラダイス,
796,9,Aether Paradise,
796,11,エーテルパラダイス,
797,1,ウルトラスペース,
797,9,Ultra Space,
797,11,ウルトラスペース,
798,1,マリエシティ,はずれのみさき
798,9,Malie City,Outer Cape
798,11,マリエシティ,はずれの岬
799,9,Roaming Kanto,
800,9,Roaming Johto,
801,9,Roaming Hoenn,
802,9,Roaming Sinnoh,
803,9,Terra Cave,
804,9,Marine Cave,
805,9,Two Island,
806,9,Three Island,
807,9,Three Isle Path,
808,9,Six Island,
809,9,Seven Island,
810,9,Birth Island,
811,9,Navel Rock,
812,9,Faraway Island,
813,9,Hoenn Battle Frontier,
814,9,Johto Safari Zone,
815,9,Cabo Poco,
816,9,Los Platos,
817,9,Mesagoza,
818,9,Cortondo,
819,9,Alfornada,
820,9,Pokémon League,
821,9,Artazon,
822,9,Levincia,
823,9,Zapapico,
824,9,Cascarrafa,
825,9,Porto Marinada,
826,9,Medali,
827,9,Montenevera,
828,9,South Province (Area One),
829,9,South Province (Area Two),
830,9,South Province (Area Three),
831,9,South Province (Area Four),
832,9,South Province (Area Five),
833,9,South Province (Area Six),
834,9,South Paldean Sea,
835,9,Poco Path,
836,9,Inlet Grotto,
837,9,Naranja Academy,
838,9,Alfornada Cavern,
839,9,Grasswither Shrine,
840,9,East Province (Area One),
841,9,East Province (Area Two),
842,9,East Province (Area Three),
843,9,East Paldean Sea,
844,9,Tagtree Thicket,
845,9,Schedar Squad's Base,
846,9,Navi Squad's Base,
847,9,West Province (Area One),
848,9,West Province (Area Two),
849,9,West Province (Area Three),
850,9,Asado Desert,
851,9,West Paldean Sea,
852,9,Segin Squad's Base,
853,9,Icerend Shrine,
854,9,North Province (Area One),
855,9,North Province (Area Two),
856,9,North Province (Area Three),
857,9,Casseroya Lake,
858,9,Dalizapa Passage,
859,9,Glaseado Mountain,
860,9,Socarrat Trail,
861,9,Groundblight Shrine,
862,9,Firescourge Shrine,
863,9,North Paldean Sea,
864,9,Ruchbah Squad's Base,
865,9,Caph Squad's Base,
866,9,Area Zero,
867,9,Zero Lab,
868,9,Route 1,
869,9,Route 2,
870,9,Route 3,
871,9,Route 4,
872,9,Route 5,
873,9,Route 6,
874,9,Route 7,
875,9,Route 8,
876,9,Route 9,
877,9,Route 10,
878,9,Axew's Eye,
879,9,Ballimere Lake,
880,9,Ballonlea,
881,9,Battle Tower,
882,9,Brawlers' Cave,
883,9,Bridge Field,
884,9,Challenge Beach,
885,9,Challenge Road,
886,9,Circhester,
887,9,Courageous Cavern,
888,9,Crown Shrine,
889,9,Dappled Grove,
890,9,Dusty Bowl,
891,9,Dyna Tree Hill,
892,9,East Lake Axewell,
893,9,Fields of Honor,
894,9,Forest of Focus,
895,9,Freezington,
896,9,Frigid Sea,
897,9,Frostpoint Field,
898,9,Galar Mine,
899,9,Galar Mine No. 2,
900,9,Giant's Bed,
901,9,Giant's Foot,
902,9,Giant's Mirror,
903,9,Giant's Seat,
904,9,Glimwood Tangle,
905,9,Hammerlocke,
906,9,Hammerlocke Hills,
907,9,Honeycalm Island,
908,9,Honeycalm Sea,
909,9,Hulbury,
910,9,Iceberg Ruins,
911,9,Insular Sea,
912,9,Iron Ruins,
913,9,Lake of Outrage,
914,9,Lakeside Cave,
915,9,Loop Lagoon,
916,9,Master Dojo,
917,9,Max Lair,
918,9,Motostoke,
919,9,Motostoke Outskirts,
920,9,Motostoke Riverbank,
921,9,North Lake Miloch,
922,9,Old Cemetery,
923,9,Path to the Peak,
924,9,Postwick,
925,9,Potbottom Desert,
926,9,Roaring-Sea Caves,
927,9,Rock Peak Ruins,
928,9,Rolling Fields,
929,9,Slippery Slope,
930,9,Slumbering Weald,
931,9,Snowslide Slope,
932,9,Soothing Wetlands,
933,9,South Lake Miloch,
934,9,Spikemuth,
935,9,Split-Decision Ruins,
936,9,Route 8,
937,9,Stepping-Stone Sea,
938,9,Stony Wilderness,
939,9,Stow-on-Side,
940,9,Three-Point Pass,
941,9,Tower of Darkness,
942,9,Tower of Waters,
943,9,Training Lowlands,
944,9,Tunnel to the Top,
945,9,Turffield,
946,9,Warm-Up Tunnel,
947,9,Watchtower Ruins,
948,9,Wedgehurst,
949,9,West Lake Axewell,
950,9,Workout Sea,
951,9,Wyndon,
952,9,Aipom Hill,
953,9,Ancient Quarry,
954,9,Arena's Approach,
955,9,Aspiration Hill,
956,9,Avalanche Slopes,
957,9,Avalugg's Legacy,
958,9,Bathers' Lagoon,
959,9,Bolderoll Ravine,
960,9,Bolderoll Slope,
961,9,Bonechill Wastes,
962,9,Brava Arena,
963,9,Castaway Shore,
964,9,Celestica Ruins,
965,9,Celestica Trail,
966,9,Clamberclaw Cliffs,
967,9,Cloudcap Pass,
968,9,Cloudpool Ridge,
969,9,Coastlands Base Camp,
970,9,Cottonsedge Prairie,
971,9,Crossing Slope,
972,9,Deadwood Haunt,
973,9,Deertrack Heights,
974,9,Deertrack Path,
975,9,Diamond Heath,
976,9,Diamond Settlement,
977,9,Droning Meadow,
978,9,Fabled Spring,
979,9,Firespit Island,
980,9,Floaro Gardens,
981,9,Gapejaw Bog,
982,9,Ginkgo Landing,
983,9,Glacier Terrace,
984,9,Golden Lowlands,
985,9,Grandtree Arena,
986,9,Grueling Grove,
987,9,Heart's Crag,
988,9,Heavenward Lookout,
989,9,Heights Base Camp,
990,9,Hideaway Bay,
991,9,Holm of Trials,
992,9,Horseshoe Plains,
993,9,Ice Column Chamber,
994,9,Icebound Falls,
995,9,Icepeak Arena,
996,9,Icepeak Cavern,
997,9,Islespy Shore,
998,9,Jubilife Village,
999,9,Lake Acuity,
1000,9,Lake Valor,
1001,9,Lake Verity,
1002,9,Lonely Spring,
1003,9,Lunker's Lair,
1004,9,Molten Arena,
1005,9,Moonview Arena,
1006,9,Nature's Pantry,
1007,9,Obsidian Falls,
1008,9,Oreburrow Tunnel,
1009,9,Pearl Settlement,
1010,9,Primeval Grotto,
1011,9,Ramanas Island,
1012,9,Sacred Plaza,
1013,9,Sand's Reach,
1014,9,Sandgem Flats,
1015,9,Scarlet Bog,
1016,9,Seagrass Haven,
1017,9,Seaside Hollow,
1018,9,Shrouded Ruins,
1019,9,Sludge Mound,
1020,9,Snowfall Hot Spring,
1021,9,Snowpoint Temple,
1022,9,Solaceon Ruins,
1023,9,Sonorous Path,
1024,9,Space-time distortion,
1025,9,Spring Path,
1026,9,Stonetooth Rows,
1027,9,Temple of Sinnoh,
1028,9,The Heartwood,
1029,9,Tidewater Dam,
1030,9,Tombolo Walk,
1031,9,Tranquility Cove,
1032,9,Turnback Cave,
1033,9,Ursa's Ring,
1034,9,Veilstone Cape,
1035,9,Wayward Cave,
1036,9,Wayward Wood,
1037,9,Whiteout Valley,
1038,9,Windbreak Stand,
1039,9,Windswept Run,
1040,9,Worn Bridge,
1041,9,Giant's Cap,
1042,9,Hau'oli City,
1043,9,Verdant Cavern,
1044,9,Royal Avenue,
1045,9,Malie City,
1046,9,Dividing Peak Tunnel,
1047,9,Heahea Beach,
1048,9,Sandy Cave,
1049,9,Ula'ula Beach,
1050,9,Ultra Megalopolis,
1051,9,Ultra Space Wilds,
1052,9,Poké Pelago,
1053,9,Team Rocket's Castle,
1054,9,Unova (Roaming),
1055,9,Mossdeep Space Center,
1056,9,Kalos (Roaming),
1057,9,Uva Academy,
1058,9,Apple Hills,
1059,9,Chilling Waterhead,
1060,9,Crystal Pool,
1061,9,Dreaded Den,
1062,9,Fellhorn Gorge,
1063,9,Infernal Pass,
1064,9,Kitakami Hall,
1065,9,Kitakami Road,
1066,9,Kitakami Wilds,
1067,9,Loyalty Plaza,
1068,9,Mossfell Confluence,
1069,9,Mossui Town,
1070,9,Oni Mountain,
1071,9,Oni's Maw,
1072,9,Paradise Barrens,
1073,9,Reveler's Road,
1074,9,Timeless Woods,
1075,9,Wistful Fields,
1076,9,Canyon Biome,
1077,9,Canyon Plaza,
1078,9,Central Plaza,
1079,9,Chargestone Cavern,
1080,9,Coastal Biome,
1081,9,Coastal Plaza,
1082,9,League Club Room,
1083,9,Polar Biome,
1084,9,Polar Plaza,
1085,9,Savanna Biome,
1086,9,Savanna Plaza,
1087,9,Torchlit Labyrinth,
1095,9,Outskirt Stand,
1096,9,Phenac City,
1097,9,Snagem Hideout,
1098,9,Shadow Pokémon Lab,
1099,9,Pyrite Town,
1100,9,Pyrite Bldg,
1101,9,Pyrite Cave,
1102,9,Realgam Tower,
1103,9,Agate Village,
1104,9,The Under,
1105,9,Mt. Battle,
1106,9,Pokemon Hq Lab,
1107,9,Gateon Port,
1108,9,Cipher Lab,
1109,9,Pokespot,
1110,9,ONBS,
1111,9,Cipher Key Lair,
1112,9,Citadark Isle,
1113,9,Kanto Underground Path,
1114,9,Energy Plant,
1115,9,Meetup Spot,
1116,9,Random caves across the Isle of Armor,
1117,9,Roaming Galar Wild Areas,
1118,9,Roaming the Isle of Armor,
1119,9,Roaming the Crown Tundra,
1120,9,Max Dens in the Galar Wild Area,
