encounter_condition_value_id,local_language_id,name
1,9,During a swarm
2,9,Not during a swarm
3,9,In the morning
4,9,During the day
5,9,At night
6,9,Using PokéRadar
7,9,Not using PokéRadar
8,9,No game in slot 2
9,9,Ruby in slot 2
10,9,Sapphire in slot 2
11,9,Emerald in slot 2
12,9,FireRed in slot 2
13,9,LeafGreen in slot 2
14,9,Radio off
15,9,Hoenn radio
16,9,Sinnoh radio
17,9,During Spring
18,9,During Summer
19,9,During Autumn
20,9,During Winter
21,9,Bulbasaur as starter
22,9,Squirtle as starter
23,9,Charmander as starter
24,9,Chespin as starter
25,9,Fennekin as starter
26,9,Froakie as starter
27,9,Chose ‘Blue’ on the TV news report
28,9,Chose ‘Red’ on the TV news report
29,9,Awakened the legendary beasts at Burned Tower
30,9,Visited Lake Verity after defeating Team Galactic at Mt. Coronet
31,9,Talked to Professor Oak at Eterna City
32,9,Visited the Pokémon Fan Club with Copycat’s doll
33,9,Met Tornadus or Thundurus in a cutscene
34,9,Beat the Elite 4 for the second time
35,9,Enter the Hall of Fame
36,9,None
37,9,Acquired National Pokédex
38,9,None
39,9,Beat the Pokémon league after knocking out Snorlax at Route 11
40,9,Playing on the Virtual Console Release
41,9,Cure the nightmares of Eldritch’s Son
42,9,Talk to Cynthia’s grandmother
43,9,No item requirement
44,9,Have Adamant Orb in bag
45,9,Have Lustrous Orb in bag
46,9,Have Helix Fossil in bag
47,9,Have Dome Fossil in bag
48,9,Have Old Amber in bag
49,9,Have Root Fossil in bag
50,9,Have Claw Fossil in bag
51,9,Defeat Jupiter
52,9,Defeat Team Galactic at Iron Island
53,9,Input correct password
54,9,Obtained Zephyr badge
55,9,Defeat Red
56,9,Received a Kanto Starter
57,9,Received TM59 From Claire
58,9,"Have Regirock, Regice and Registeel in the party"
59,9,Sunday
60,9,Monday
61,9,Tuesday
62,9,Wednesday
63,9,Thursday
64,9,Friday
65,9,Saturday
66,9,The first Pokémon in the player’s party has a high friendship stat
67,9,Beat Mars for the first time
68,9,Have Odd Keystone in bag
69,9,Has talked to at least 32 people in the underground
70,9,Returned Machine Part to Power Plant
71,9,Have an Event Arceus in the party
72,9,This special Pokémon couldn’t be captured in previous encounters (either fainted or ran from battle)
73,9,Have Ice Key in bag
74,9,Have Iron Key in bag
75,9,Spoke to Professor Juniper in the Cave of Being
76,9,Have Lunar Wing in bag
77,9,Obtained Quake Badge
78,9,Have Light Stone in bag
79,9,Have Dark Stone in bag
80,9,Captured Reshiram or Zekrom previously
81,9,Defeated Ghetsis
82,9,Has been unsuccesfully battled 11 times before
83,9,The current minute is between 00 and 19
84,9,The current minute is between 20 and 39
85,9,The current minute is between 40 and 59
86,9,The current time is between 04:00 and 19:59
87,9,The current time is between 20:00 and 21:59
88,9,The current time is between 22:00 and 03:59
89,9,Have Tidal Bell in bag
90,9,Have Clear Bell in bag
91,9,Defeated or captured Groudon or Kyogre
92,9,"Have Uxie, Mesprit, and Azelf in the party"
93,9,"After capturing the three regis in the game, have a nicknamed Regice holding a cold-based item, plus Regirock and Registeel in the party"
94,9,Have Dialga or Palkia in the party
95,9,Have Castform in party
96,9,Have a Level 100 Pokémon in party
97,9,Have Tornadus and Thundurus in party
98,9,Have Reshiram and Zekrom in party
99,9,Captured all Ultra Beasts
100,9,Finished Looker’s Sidequest
101,9,After finishing Olivia’s trial
102,9,Have Raikou and Entei in party
103,9,Have Groudon and Kyogre in party
104,9,Have Dialga and Palkia in party
105,9,Scan a specific QR Code
109,9,Give Togepi or Togetic in a Trade
110,9,Give Trapunch in a Trade
111,9,Give Surskit in a Trade
112,9,Give Wooper in a Trade
113,9,Catch all 82 Shadow Pokemon and Mirror B will appear in Gateon with a Shadow Dragonite
114,9,Complete Mt. Battle to receive a special prize Pokemon
115,9,Have at least 180 coins in your Coin Case
116,9,Have at least 500 coins in your Coin Case
117,9,Have at least 1200 coins in your Coin Case
118,9,Have at least 2800 coins in your Coin Case
119,9,Have at least 5500 coins in your Coin Case
120,9,Have at least 9999 coins in your Coin Case
121,9,Have at least 120 coins in your Coin Case
122,9,Have at least 750 coins in your Coin Case
123,9,Have at least 2500 coins in your Coin Case
124,9,Have at least 4600 coins in your Coin Case
125,9,Have at least 6500 coins in your Coin Case
126,9,Have at least 230 coins in your Coin Case
127,9,Have at least 1000 coins in your Coin Case
128,9,Have at least 2680 coins in your Coin Case
129,9,Have at least 3333 coins in your Coin Case
130,9,Have at least 6666 coins in your Coin Case
131,9,Have at least 200 coins in your Coin Case
132,9,Have at least 700 coins in your Coin Case
133,9,Have at least 2100 coins in your Coin Case
134,9,Have at least 100 coins in your Coin Case
135,9,Have at least 800 coins in your Coin Case
136,9,Have at least 1500 coins in your Coin Case
137,9,Have at least 2222 coins in your Coin Case
138,9,Have at least 5555 coins in your Coin Case
139,9,Have at least 8888 coins in your Coin Case
140,9,Have at least 150 coins in your Coin Case
141,9,Have at least 620 coins in your Coin Case
142,9,Have at least 2880 coins in your Coin Case
143,9,Have at least 5400 coins in your Coin Case
144,9,Have at least 8300 coins in your Coin Case
145,9,Give Abra in a Trade
146,9,Give Nidoran-M in a Trade
147,9,Give Nidorino in a Trade
148,9,Give Slowbro in a Trade
149,9,Give Poliwhirl in a Trade
150,9,Give Spearow in a Trade
151,9,Give Raichu in a Trade
152,9,Give Venonat in a Trade
153,9,Give Ponyta in a Trade
154,9,Give Clefairy in a Trade
155,9,Give Cubone in a Trade
156,9,Give Lickitung in a Trade
157,9,Give Tangela in a Trade
158,9,Give Golduck in a Trade
159,9,Give Growlithe in a Trade
160,9,Give Kangaskhan in a Trade
161,9,Give Bellsprout in a Trade
162,9,Give Drowzee in a Trade
163,9,Give Krabby in a Trade
164,9,Give Dragonair in a Trade
165,9,Give Chansey in a Trade
166,9,Give Gloom in a Trade
167,9,Give Haunter in a Trade
168,9,Give Dugtrio in a Trade
169,9,Give Slakoth in a Trade
170,9,Give Pikachu in a Trade
171,9,Give Bellossom in a Trade
172,9,Give Ralts in a Trade
173,9,Give Volbeat in a Trade
174,9,Give Bagon in a Trade
175,9,Give Skitty in a Trade
176,9,Randomly assigned to Friend Safari Slot 1
177,9,Randomly assigned to Friend Safari Slot 2
178,9,Randomly assigned to Friend Safari Slot 3
179,9,Have Skull Fossil in bag
180,9,Have Armor Fossil in bag
181,9,Great Marsh Daily Chance: None
182,9,Great Marsh Daily Chance: 1 in 32
183,9,Great Marsh Daily Chance: 2 in 32
184,9,Great Marsh Daily Chance: 3 in 32
185,9,Great Marsh Daily Chance: 5 in 32
186,9,Before National Pokédex
187,9,Great Marsh Daily Chance: 4 in 32
188,9,Great Marsh Daily Chance: 15 in 32
189,9,Honey Tree Group A (70% on normal trees / 20% on Munchlax trees)
190,9,Honey Tree Group B (20% on normal trees / 70% on Munchlax trees)
191,9,Honey Tree Group C (0% on normal trees / 1% on Munchlax trees)
192,9,Headbutt Tree (Common)
193,9,Headbutt Tree (Rare)
194,9,Headbutt Tree (Secret)
195,9,Give Cottonee in a Trade
196,9,Give Petilil in a Trade
197,9,Give Emolga in a Trade
198,9,Give Mantine in a Trade
199,9,Give Ditto in a Trade
200,9,Give Excadrill in a Trade
201,9,Give Hippowdon in a Trade
202,9,Mr. Backlot hasn't mentioned any Pokemon
203,9,Mr. Backlot has mentioned seeing this Pokemon in the garden
204,9,Not during the Bug-Catching Contest
205,9,During the Bug-Catching Contest
206,9,Have save data from Let's Go Pikachu
207,9,Have save data from Let's Go Eevee
208,9,Have Fossilized Bird in bag
209,9,Have Fossilized Drake in bag
210,9,Have Fossilized Dino in bag
211,9,Have Fossilized Fish in bag
212,9,Complete the Master Dojo's first trial
213,9,Complete all three Master Dojo trials
214,9,Find 5 Alolan Diglett in Isle of Armor
215,9,Find 10 Alolan Diglett in Isle of Armor
216,9,Find 20 Alolan Diglett in Isle of Armor
217,9,Find 30 Alolan Diglett in Isle of Armor
218,9,Find 40 Alolan Diglett in Isle of Armor
219,9,Find 50 Alolan Diglett in Isle of Armor
220,9,Find 75 Alolan Diglett in Isle of Armor
221,9,Find 100 Alolan Diglett in Isle of Armor
222,9,Find 150 Alolan Diglett in Isle of Armor
223,9,Grookey as starter
224,9,Scorbunny as starter
225,9,Sobble as starter
226,9,Save Freezington from the onslaught from Glastrier or Spectrier
227,9,Catch 5 Ultra Beasts in Dynamax Adventures
228,9,Give Bunnelby in a Trade
229,9,Give Galarian Meowth in a Trade
230,9,Give Minccino in a Trade
231,9,Give Toxel in a Trade
232,9,Give Maractus in a Trade
233,9,Give Galarian Yamask in a Trade
234,9,Give Vanillish in a Trade
235,9,Give Obstagoon in a Trade
236,9,Give Frosmoth in a Trade
237,9,Give Galarian Farfetch'd in a Trade
238,9,Give Galarian Corsola in a Trade
239,9,Give Galarian Ponyta in a Trade
240,9,Give Galarian Mr. Mime in a Trade
241,9,Give Galarian Darumaka in a Trade
242,9,Give Galarian Zigzagoon in a Trade
243,9,Give Galarian Stunfisk in a Trade
244,9,Give Galarian Weezing in a Trade
245,9,Give Exeggutor in a Trade
246,9,Give Marowak in a Trade
247,9,During normal weather
248,9,During overcast weather
249,9,During rainy weather
250,9,During a thunderstorm
251,9,During snowy weather
252,9,During a snowstorm
253,9,During a sandstorm
254,9,During intense sun
255,9,During foggy weather
256,9,Before entering the Hall of Fame
257,9,Not replaced by block-based encounter
258,9,At least 2 Plains block points placed
259,9,At least 3 Plains block points placed
260,9,At least 4 Plains block points placed
261,9,At least 5 Plains block points placed
262,9,At least 6 Plains block points placed
263,9,At least 10 Plains block points placed
264,9,At least 12 Plains block points placed
265,9,At least 14 Plains block points placed
266,9,At least 15 Plains block points placed
267,9,At least 24 Plains block points placed
268,9,At least 28 Plains block points placed
269,9,At least 35 Plains block points placed
270,9,At least 49 Plains block points placed
271,9,At least 3 Forest block points placed
272,9,At least 4 Forest block points placed
273,9,At least 5 Forest block points placed
274,9,At least 8 Forest block points placed
275,9,At least 10 Forest block points placed
276,9,At least 14 Forest block points placed
277,9,At least 15 Forest block points placed
278,9,At least 18 Forest block points placed
279,9,At least 20 Forest block points placed
280,9,At least 28 Forest block points placed
281,9,At least 35 Forest block points placed
282,9,At least 42 Forest block points placed
283,9,At least 49 Forest block points placed
284,9,At least 56 Forest block points placed
285,9,At least 3 Peak block points placed
286,9,At least 4 Peak block points placed
287,9,At least 5 Peak block points placed
288,9,At least 6 Peak block points placed
289,9,At least 8 Peak block points placed
290,9,At least 10 Peak block points placed
291,9,At least 15 Peak block points placed
292,9,At least 21 Peak block points placed
293,9,At least 24 Peak block points placed
294,9,At least 28 Peak block points placed
295,9,At least 35 Peak block points placed
296,9,At least 42 Peak block points placed
297,9,At least 49 Peak block points placed
298,9,At least 56 Peak block points placed
299,9,At least 63 Peak block points placed
300,9,At least 2 Water block points placed
301,9,At least 3 Water block points placed
302,9,At least 4 Water block points placed
303,9,At least 5 Water block points placed
304,9,At least 6 Water block points placed
305,9,At least 7 Water block points placed
306,9,At least 8 Water block points placed
307,9,At least 9 Water block points placed
308,9,At least 10 Water block points placed
309,9,At least 12 Water block points placed
310,9,At least 13 Water block points placed
311,9,At least 14 Water block points placed
312,9,At least 15 Water block points placed
313,9,At least 16 Water block points placed
314,9,At least 18 Water block points placed
315,9,At least 20 Water block points placed
316,9,At least 24 Water block points placed
317,9,At least 28 Water block points placed
318,9,At least 35 Water block points placed
319,9,At least 42 Water block points placed
320,9,At least 49 Water block points placed
321,9,Have Cover Fossil in bag
322,9,Have Plume Fossil in bag
323,9,Did not catch Giratina in the Distortion World
324,9,Find 50 sets of Cavern Footprints in The Crown Tundra
325,9,Find 50 sets of Grassland Footprints in The Crown Tundra
326,9,Find 50 sets of Iron Will Footprints in The Crown Tundra
327,9,"Have Regirock, Regice, Registeel, Regieleki, and Regidrago in the party"
328,9,Activate the pattern for Regieleki in the Split-Decision Ruins.
329,9,Activate the pattern for Regidrago in the Split-Decision Ruins.
330,9,Grow an Iceroot Carrot while helping Calyrex.
331,9,Grow a Shaderoot Carrot while helping Calyrex.
332,9,Talk to at least 32 people after interacting with the tombstone in Ballimere Lake.
333,9,"Eat curry on the island with Cobalion, Terrakion, and Virizion in your party after showing them to Sonia."
334,9,Have Reins of Unity in bag
335,9,"Witness the Galarian forms of Articuno, Zapdos, and Moltres fight at Dyna Tree Hill."
336,9,"Start max raid in a den with a weak, red pillar of light."
337,9,"Start max raid in a den with a strong, purple pillar of light."
338,9,Start a max raid with a difficulty of 1 star.
339,9,Start a max raid with a difficulty of 2 stars.
340,9,Start a max raid with a difficulty of 3 stars.
341,9,Start a max raid with a difficulty of 4 stars.
342,9,Start a max raid with a difficulty of 5 stars.
343,9,"Start max raid in a den with a weak, red pillar of light after checking Wild Area News."
344,9,Interact with a Red Berry Tree
345,9,Interact with a Blue Berry Tree
346,9,Interact with a Purple Berry Tree
347,9,Interact with a Green Berry Tree
348,9,Interact with a Yellow Berry Tree
349,9,Interact with a Pink Berry Tree
350,9,Interact with a Shaking Trash Can (Daily)
351,9,Interact with a Shaking Trash Can (Tuesday)
352,9,Interact with a Shaking Trash Can (Thursday)
353,9,Give Nidoran-F in a Trade
354,9,Give Nidorina in a Trade
355,9,Give Machop in a Trade
356,9,Give Buizel in a Trade
357,9,Give Medicham in a Trade
358,9,Give Finneon in a Trade
359,9,Give Forretress in a Trade
360,9,Give Bonsly in a Trade
361,9,Give any Pokemon in a Trade
