move_id,local_language_id,name
1,1,はたく
1,9,Pound
1,11,はたく
2,1,からてチョップ
2,9,Karate Chop
2,11,からてチョップ
3,1,おうふくビンタ
3,9,Double Slap
3,11,おうふくビンタ
4,1,れんぞくパンチ
4,9,Comet Punch
4,11,れんぞくパンチ
5,1,メガトンパンチ
5,9,Mega Punch
5,11,メガトンパンチ
6,1,ネコにこばん
6,9,Pay Day
6,11,ネコにこばん
7,1,ほのおのパンチ
7,9,Fire Punch
7,11,ほのおのパンチ
8,1,れいとうパンチ
8,9,Ice Punch
8,11,れいとうパンチ
9,1,かみなりパンチ
9,9,Thunder Punch
9,11,かみなりパンチ
10,1,ひっかく
10,9,Scratch
10,11,ひっかく
11,1,はさむ
11,9,Vise Grip
11,11,はさむ
12,1,ハサミギロチン
12,9,Guillotine
12,11,ハサミギロチン
13,1,かまいたち
13,9,Razor Wind
13,11,かまいたち
14,1,つるぎのまい
14,9,Swords Dance
14,11,つるぎのまい
15,1,いあいぎり
15,9,Cut
15,11,いあいぎり
16,1,かぜおこし
16,9,Gust
16,11,かぜおこし
17,1,つばさでうつ
17,9,Wing Attack
17,11,つばさでうつ
18,1,ふきとばし
18,9,Whirlwind
18,11,ふきとばし
19,1,そらをとぶ
19,9,Fly
19,11,そらをとぶ
20,1,しめつける
20,9,Bind
20,11,しめつける
21,1,たたきつける
21,9,Slam
21,11,たたきつける
22,1,つるのムチ
22,9,Vine Whip
22,11,つるのムチ
23,1,ふみつけ
23,9,Stomp
23,11,ふみつけ
24,1,にどげり
24,9,Double Kick
24,11,にどげり
25,1,メガトンキック
25,9,Mega Kick
25,11,メガトンキック
26,1,とびげり
26,9,Jump Kick
26,11,とびげり
27,1,まわしげり
27,9,Rolling Kick
27,11,まわしげり
28,1,すなかけ
28,9,Sand Attack
28,11,すなかけ
29,1,ずつき
29,9,Headbutt
29,11,ずつき
30,1,つのでつく
30,9,Horn Attack
30,11,つのでつく
31,1,みだれづき
31,9,Fury Attack
31,11,みだれづき
32,1,つのドリル
32,9,Horn Drill
32,11,つのドリル
33,1,たいあたり
33,9,Tackle
33,11,たいあたり
34,1,のしかかり
34,9,Body Slam
34,11,のしかかり
35,1,まきつく
35,9,Wrap
35,11,まきつく
36,1,とっしん
36,9,Take Down
36,11,とっしん
37,1,あばれる
37,9,Thrash
37,11,あばれる
38,1,すてみタックル
38,9,Double-Edge
38,11,すてみタックル
39,1,しっぽをふる
39,9,Tail Whip
39,11,しっぽをふる
40,1,どくばり
40,9,Poison Sting
40,11,どくばり
41,1,ダブルニードル
41,9,Twineedle
41,11,ダブルニードル
42,1,ミサイルばり
42,9,Pin Missile
42,11,ミサイルばり
43,1,にらみつける
43,9,Leer
43,11,にらみつける
44,1,かみつく
44,9,Bite
44,11,かみつく
45,1,なきごえ
45,9,Growl
45,11,なきごえ
46,1,ほえる
46,9,Roar
46,11,ほえる
47,1,うたう
47,9,Sing
47,11,うたう
48,1,ちょうおんぱ
48,9,Supersonic
48,11,ちょうおんぱ
49,1,ソニックブーム
49,9,Sonic Boom
49,11,ソニックブーム
50,1,かなしばり
50,9,Disable
50,11,かなしばり
51,1,ようかいえき
51,9,Acid
51,11,ようかいえき
52,1,ひのこ
52,9,Ember
52,11,ひのこ
53,1,かえんほうしゃ
53,9,Flamethrower
53,11,かえんほうしゃ
54,1,しろいきり
54,9,Mist
54,11,しろいきり
55,1,みずでっぽう
55,9,Water Gun
55,11,みずでっぽう
56,1,ハイドロポンプ
56,9,Hydro Pump
56,11,ハイドロポンプ
57,1,なみのり
57,9,Surf
57,11,なみのり
58,1,れいとうビーム
58,9,Ice Beam
58,11,れいとうビーム
59,1,ふぶき
59,9,Blizzard
59,11,ふぶき
60,1,サイケこうせん
60,9,Psybeam
60,11,サイケこうせん
61,1,バブルこうせん
61,9,Bubble Beam
61,11,バブルこうせん
62,1,オーロラビーム
62,9,Aurora Beam
62,11,オーロラビーム
63,1,はかいこうせん
63,9,Hyper Beam
63,11,はかいこうせん
64,1,つつく
64,9,Peck
64,11,つつく
65,1,ドリルくちばし
65,9,Drill Peck
65,11,ドリルくちばし
66,1,じごくぐるま
66,9,Submission
66,11,じごくぐるま
67,1,けたぐり
67,9,Low Kick
67,11,けたぐり
68,1,カウンター
68,9,Counter
68,11,カウンター
69,1,ちきゅうなげ
69,9,Seismic Toss
69,11,ちきゅうなげ
70,1,かいりき
70,9,Strength
70,11,かいりき
71,1,すいとる
71,9,Absorb
71,11,すいとる
72,1,メガドレイン
72,9,Mega Drain
72,11,メガドレイン
73,1,やどりぎのタネ
73,9,Leech Seed
73,11,やどりぎのタネ
74,1,せいちょう
74,9,Growth
74,11,せいちょう
75,1,はっぱカッター
75,9,Razor Leaf
75,11,はっぱカッター
76,1,ソーラービーム
76,9,Solar Beam
76,11,ソーラービーム
77,1,どくのこな
77,9,Poison Powder
77,11,どくのこな
78,1,しびれごな
78,9,Stun Spore
78,11,しびれごな
79,1,ねむりごな
79,9,Sleep Powder
79,11,ねむりごな
80,1,はなびらのまい
80,9,Petal Dance
80,11,はなびらのまい
81,1,いとをはく
81,9,String Shot
81,11,いとをはく
82,1,りゅうのいかり
82,9,Dragon Rage
82,11,りゅうのいかり
83,1,ほのおのうず
83,9,Fire Spin
83,11,ほのおのうず
84,1,でんきショック
84,9,Thunder Shock
84,11,でんきショック
85,1,１０まんボルト
85,9,Thunderbolt
85,11,１０まんボルト
86,1,でんじは
86,9,Thunder Wave
86,11,でんじは
87,1,かみなり
87,9,Thunder
87,11,かみなり
88,1,いわおとし
88,9,Rock Throw
88,11,いわおとし
89,1,じしん
89,9,Earthquake
89,11,じしん
90,1,じわれ
90,9,Fissure
90,11,じわれ
91,1,あなをほる
91,9,Dig
91,11,あなをほる
92,1,どくどく
92,9,Toxic
92,11,どくどく
93,1,ねんりき
93,9,Confusion
93,11,ねんりき
94,1,サイコキネシス
94,9,Psychic
94,11,サイコキネシス
95,1,さいみんじゅつ
95,9,Hypnosis
95,11,さいみんじゅつ
96,1,ヨガのポーズ
96,9,Meditate
96,11,ヨガのポーズ
97,1,こうそくいどう
97,9,Agility
97,11,こうそくいどう
98,1,でんこうせっか
98,9,Quick Attack
98,11,でんこうせっか
99,1,いかり
99,9,Rage
99,11,いかり
100,1,テレポート
100,9,Teleport
100,11,テレポート
101,1,ナイトヘッド
101,9,Night Shade
101,11,ナイトヘッド
102,1,ものまね
102,9,Mimic
102,11,ものまね
103,1,いやなおと
103,9,Screech
103,11,いやなおと
104,1,かげぶんしん
104,9,Double Team
104,11,かげぶんしん
105,1,じこさいせい
105,9,Recover
105,11,じこさいせい
106,1,かたくなる
106,9,Harden
106,11,かたくなる
107,1,ちいさくなる
107,9,Minimize
107,11,ちいさくなる
108,1,えんまく
108,9,Smokescreen
108,11,えんまく
109,1,あやしいひかり
109,9,Confuse Ray
109,11,あやしいひかり
110,1,からにこもる
110,9,Withdraw
110,11,からにこもる
111,1,まるくなる
111,9,Defense Curl
111,11,まるくなる
112,1,バリアー
112,9,Barrier
112,11,バリアー
113,1,ひかりのかべ
113,9,Light Screen
113,11,ひかりのかべ
114,1,くろいきり
114,9,Haze
114,11,くろいきり
115,1,リフレクター
115,9,Reflect
115,11,リフレクター
116,1,きあいだめ
116,9,Focus Energy
116,11,きあいだめ
117,1,がまん
117,9,Bide
117,11,がまん
118,1,ゆびをふる
118,9,Metronome
118,11,ゆびをふる
119,1,オウムがえし
119,9,Mirror Move
119,11,オウムがえし
120,1,じばく
120,9,Self-Destruct
120,11,じばく
121,1,タマゴばくだん
121,9,Egg Bomb
121,11,タマゴばくだん
122,1,したでなめる
122,9,Lick
122,11,したでなめる
123,1,スモッグ
123,9,Smog
123,11,スモッグ
124,1,ヘドロこうげき
124,9,Sludge
124,11,ヘドロこうげき
125,1,ホネこんぼう
125,9,Bone Club
125,11,ホネこんぼう
126,1,だいもんじ
126,9,Fire Blast
126,11,だいもんじ
127,1,たきのぼり
127,9,Waterfall
127,11,たきのぼり
128,1,からではさむ
128,9,Clamp
128,11,からではさむ
129,1,スピードスター
129,9,Swift
129,11,スピードスター
130,1,ロケットずつき
130,9,Skull Bash
130,11,ロケットずつき
131,1,とげキャノン
131,9,Spike Cannon
131,11,とげキャノン
132,1,からみつく
132,9,Constrict
132,11,からみつく
133,1,ドわすれ
133,9,Amnesia
133,11,ドわすれ
134,1,スプーンまげ
134,9,Kinesis
134,11,スプーンまげ
135,1,タマゴうみ
135,9,Soft-Boiled
135,11,タマゴうみ
136,1,とびひざげり
136,9,High Jump Kick
136,11,とびひざげり
137,1,へびにらみ
137,9,Glare
137,11,へびにらみ
138,1,ゆめくい
138,9,Dream Eater
138,11,ゆめくい
139,1,どくガス
139,9,Poison Gas
139,11,どくガス
140,1,たまなげ
140,9,Barrage
140,11,たまなげ
141,1,きゅうけつ
141,9,Leech Life
141,11,きゅうけつ
142,1,あくまのキッス
142,9,Lovely Kiss
142,11,あくまのキッス
143,1,ゴッドバード
143,9,Sky Attack
143,11,ゴッドバード
144,1,へんしん
144,9,Transform
144,11,へんしん
145,1,あわ
145,9,Bubble
145,11,あわ
146,1,ピヨピヨパンチ
146,9,Dizzy Punch
146,11,ピヨピヨパンチ
147,1,キノコのほうし
147,9,Spore
147,11,キノコのほうし
148,1,フラッシュ
148,9,Flash
148,11,フラッシュ
149,1,サイコウェーブ
149,9,Psywave
149,11,サイコウェーブ
150,1,はねる
150,9,Splash
150,11,はねる
151,1,とける
151,9,Acid Armor
151,11,とける
152,1,クラブハンマー
152,9,Crabhammer
152,11,クラブハンマー
153,1,だいばくはつ
153,9,Explosion
153,11,だいばくはつ
154,1,みだれひっかき
154,9,Fury Swipes
154,11,みだれひっかき
155,1,ホネブーメラン
155,9,Bonemerang
155,11,ホネブーメラン
156,1,ねむる
156,9,Rest
156,11,ねむる
157,1,いわなだれ
157,9,Rock Slide
157,11,いわなだれ
158,1,ひっさつまえば
158,9,Hyper Fang
158,11,ひっさつまえば
159,1,かくばる
159,9,Sharpen
159,11,かくばる
160,1,テクスチャー
160,9,Conversion
160,11,テクスチャー
161,1,トライアタック
161,9,Tri Attack
161,11,トライアタック
162,1,いかりのまえば
162,9,Super Fang
162,11,いかりのまえば
163,1,きりさく
163,9,Slash
163,11,きりさく
164,1,みがわり
164,9,Substitute
164,11,みがわり
165,1,わるあがき
165,9,Struggle
165,11,わるあがき
166,1,スケッチ
166,9,Sketch
166,11,スケッチ
167,1,トリプルキック
167,9,Triple Kick
167,11,トリプルキック
168,1,どろぼう
168,9,Thief
168,11,どろぼう
169,1,クモのす
169,9,Spider Web
169,11,クモのす
170,1,こころのめ
170,9,Mind Reader
170,11,こころのめ
171,1,あくむ
171,9,Nightmare
171,11,あくむ
172,1,かえんぐるま
172,9,Flame Wheel
172,11,かえんぐるま
173,1,いびき
173,9,Snore
173,11,いびき
174,1,のろい
174,9,Curse
174,11,のろい
175,1,じたばた
175,9,Flail
175,11,じたばた
176,1,テクスチャー２
176,9,Conversion 2
176,11,テクスチャー２
177,1,エアロブラスト
177,9,Aeroblast
177,11,エアロブラスト
178,1,わたほうし
178,9,Cotton Spore
178,11,わたほうし
179,1,きしかいせい
179,9,Reversal
179,11,きしかいせい
180,1,うらみ
180,9,Spite
180,11,うらみ
181,1,こなゆき
181,9,Powder Snow
181,11,こなゆき
182,1,まもる
182,9,Protect
182,11,まもる
183,1,マッハパンチ
183,9,Mach Punch
183,11,マッハパンチ
184,1,こわいかお
184,9,Scary Face
184,11,こわいかお
185,1,だましうち
185,9,Feint Attack
185,11,だましうち
186,1,てんしのキッス
186,9,Sweet Kiss
186,11,てんしのキッス
187,1,はらだいこ
187,9,Belly Drum
187,11,はらだいこ
188,1,ヘドロばくだん
188,9,Sludge Bomb
188,11,ヘドロばくだん
189,1,どろかけ
189,9,Mud-Slap
189,11,どろかけ
190,1,オクタンほう
190,9,Octazooka
190,11,オクタンほう
191,1,まきびし
191,9,Spikes
191,11,まきびし
192,1,でんじほう
192,9,Zap Cannon
192,11,でんじほう
193,1,みやぶる
193,9,Foresight
193,11,みやぶる
194,1,みちづれ
194,9,Destiny Bond
194,11,みちづれ
195,1,ほろびのうた
195,9,Perish Song
195,11,ほろびのうた
196,1,こごえるかぜ
196,9,Icy Wind
196,11,こごえるかぜ
197,1,みきり
197,9,Detect
197,11,みきり
198,1,ボーンラッシュ
198,9,Bone Rush
198,11,ボーンラッシュ
199,1,ロックオン
199,9,Lock-On
199,11,ロックオン
200,1,げきりん
200,9,Outrage
200,11,げきりん
201,1,すなあらし
201,9,Sandstorm
201,11,すなあらし
202,1,ギガドレイン
202,9,Giga Drain
202,11,ギガドレイン
203,1,こらえる
203,9,Endure
203,11,こらえる
204,1,あまえる
204,9,Charm
204,11,あまえる
205,1,ころがる
205,9,Rollout
205,11,ころがる
206,1,みねうち
206,9,False Swipe
206,11,みねうち
207,1,いばる
207,9,Swagger
207,11,いばる
208,1,ミルクのみ
208,9,Milk Drink
208,11,ミルクのみ
209,1,スパーク
209,9,Spark
209,11,スパーク
210,1,れんぞくぎり
210,9,Fury Cutter
210,11,れんぞくぎり
211,1,はがねのつばさ
211,9,Steel Wing
211,11,はがねのつばさ
212,1,くろいまなざし
212,9,Mean Look
212,11,くろいまなざし
213,1,メロメロ
213,9,Attract
213,11,メロメロ
214,1,ねごと
214,9,Sleep Talk
214,11,ねごと
215,1,いやしのすず
215,9,Heal Bell
215,11,いやしのすず
216,1,おんがえし
216,9,Return
216,11,おんがえし
217,1,プレゼント
217,9,Present
217,11,プレゼント
218,1,やつあたり
218,9,Frustration
218,11,やつあたり
219,1,しんぴのまもり
219,9,Safeguard
219,11,しんぴのまもり
220,1,いたみわけ
220,9,Pain Split
220,11,いたみわけ
221,1,せいなるほのお
221,9,Sacred Fire
221,11,せいなるほのお
222,1,マグニチュード
222,9,Magnitude
222,11,マグニチュード
223,1,ばくれつパンチ
223,9,Dynamic Punch
223,11,ばくれつパンチ
224,1,メガホーン
224,9,Megahorn
224,11,メガホーン
225,1,りゅうのいぶき
225,9,Dragon Breath
225,11,りゅうのいぶき
226,1,バトンタッチ
226,9,Baton Pass
226,11,バトンタッチ
227,1,アンコール
227,9,Encore
227,11,アンコール
228,1,おいうち
228,9,Pursuit
228,11,おいうち
229,1,こうそくスピン
229,9,Rapid Spin
229,11,こうそくスピン
230,1,あまいかおり
230,9,Sweet Scent
230,11,あまいかおり
231,1,アイアンテール
231,9,Iron Tail
231,11,アイアンテール
232,1,メタルクロー
232,9,Metal Claw
232,11,メタルクロー
233,1,あてみなげ
233,9,Vital Throw
233,11,あてみなげ
234,1,あさのひざし
234,9,Morning Sun
234,11,あさのひざし
235,1,こうごうせい
235,9,Synthesis
235,11,こうごうせい
236,1,つきのひかり
236,9,Moonlight
236,11,つきのひかり
237,1,めざめるパワー
237,9,Hidden Power
237,11,めざめるパワー
238,1,クロスチョップ
238,9,Cross Chop
238,11,クロスチョップ
239,1,たつまき
239,9,Twister
239,11,たつまき
240,1,あまごい
240,9,Rain Dance
240,11,あまごい
241,1,にほんばれ
241,9,Sunny Day
241,11,にほんばれ
242,1,かみくだく
242,9,Crunch
242,11,かみくだく
243,1,ミラーコート
243,9,Mirror Coat
243,11,ミラーコート
244,1,じこあんじ
244,9,Psych Up
244,11,じこあんじ
245,1,しんそく
245,9,Extreme Speed
245,11,しんそく
246,1,げんしのちから
246,9,Ancient Power
246,11,げんしのちから
247,1,シャドーボール
247,9,Shadow Ball
247,11,シャドーボール
248,1,みらいよち
248,9,Future Sight
248,11,みらいよち
249,1,いわくだき
249,9,Rock Smash
249,11,いわくだき
250,1,うずしお
250,9,Whirlpool
250,11,うずしお
251,1,ふくろだたき
251,9,Beat Up
251,11,ふくろだたき
252,1,ねこだまし
252,9,Fake Out
252,11,ねこだまし
253,1,さわぐ
253,9,Uproar
253,11,さわぐ
254,1,たくわえる
254,9,Stockpile
254,11,たくわえる
255,1,はきだす
255,9,Spit Up
255,11,はきだす
256,1,のみこむ
256,9,Swallow
256,11,のみこむ
257,1,ねっぷう
257,9,Heat Wave
257,11,ねっぷう
258,1,あられ
258,9,Hail
258,11,あられ
259,1,いちゃもん
259,9,Torment
259,11,いちゃもん
260,1,おだてる
260,9,Flatter
260,11,おだてる
261,1,おにび
261,9,Will-O-Wisp
261,11,おにび
262,1,おきみやげ
262,9,Memento
262,11,おきみやげ
263,1,からげんき
263,9,Facade
263,11,からげんき
264,1,きあいパンチ
264,9,Focus Punch
264,11,きあいパンチ
265,1,きつけ
265,9,Smelling Salts
265,11,きつけ
266,1,このゆびとまれ
266,9,Follow Me
266,11,このゆびとまれ
267,1,しぜんのちから
267,9,Nature Power
267,11,しぜんのちから
268,1,じゅうでん
268,9,Charge
268,11,じゅうでん
269,1,ちょうはつ
269,9,Taunt
269,11,ちょうはつ
270,1,てだすけ
270,9,Helping Hand
270,11,てだすけ
271,1,トリック
271,9,Trick
271,11,トリック
272,1,なりきり
272,9,Role Play
272,11,なりきり
273,1,ねがいごと
273,9,Wish
273,11,ねがいごと
274,1,ねこのて
274,9,Assist
274,11,ねこのて
275,1,ねをはる
275,9,Ingrain
275,11,ねをはる
276,1,ばかぢから
276,9,Superpower
276,11,ばかぢから
277,1,マジックコート
277,9,Magic Coat
277,11,マジックコート
278,1,リサイクル
278,9,Recycle
278,11,リサイクル
279,1,リベンジ
279,9,Revenge
279,11,リベンジ
280,1,かわらわり
280,9,Brick Break
280,11,かわらわり
281,1,あくび
281,9,Yawn
281,11,あくび
282,1,はたきおとす
282,9,Knock Off
282,11,はたきおとす
283,1,がむしゃら
283,9,Endeavor
283,11,がむしゃら
284,1,ふんか
284,9,Eruption
284,11,ふんか
285,1,スキルスワップ
285,9,Skill Swap
285,11,スキルスワップ
286,1,ふういん
286,9,Imprison
286,11,ふういん
287,1,リフレッシュ
287,9,Refresh
287,11,リフレッシュ
288,1,おんねん
288,9,Grudge
288,11,おんねん
289,1,よこどり
289,9,Snatch
289,11,よこどり
290,1,ひみつのちから
290,9,Secret Power
290,11,ひみつのちから
291,1,ダイビング
291,9,Dive
291,11,ダイビング
292,1,つっぱり
292,9,Arm Thrust
292,11,つっぱり
293,1,ほごしょく
293,9,Camouflage
293,11,ほごしょく
294,1,ほたるび
294,9,Tail Glow
294,11,ほたるび
295,1,ラスターパージ
295,9,Luster Purge
295,11,ラスターパージ
296,1,ミストボール
296,9,Mist Ball
296,11,ミストボール
297,1,フェザーダンス
297,9,Feather Dance
297,11,フェザーダンス
298,1,フラフラダンス
298,9,Teeter Dance
298,11,フラフラダンス
299,1,ブレイズキック
299,9,Blaze Kick
299,11,ブレイズキック
300,1,どろあそび
300,9,Mud Sport
300,11,どろあそび
301,1,アイスボール
301,9,Ice Ball
301,11,アイスボール
302,1,ニードルアーム
302,9,Needle Arm
302,11,ニードルアーム
303,1,なまける
303,9,Slack Off
303,11,なまける
304,1,ハイパーボイス
304,9,Hyper Voice
304,11,ハイパーボイス
305,1,どくどくのキバ
305,9,Poison Fang
305,11,どくどくのキバ
306,1,ブレイククロー
306,9,Crush Claw
306,11,ブレイククロー
307,1,ブラストバーン
307,9,Blast Burn
307,11,ブラストバーン
308,1,ハイドロカノン
308,9,Hydro Cannon
308,11,ハイドロカノン
309,1,コメットパンチ
309,9,Meteor Mash
309,11,コメットパンチ
310,1,おどろかす
310,9,Astonish
310,11,おどろかす
311,1,ウェザーボール
311,9,Weather Ball
311,11,ウェザーボール
312,1,アロマセラピー
312,9,Aromatherapy
312,11,アロマセラピー
313,1,うそなき
313,9,Fake Tears
313,11,うそなき
314,1,エアカッター
314,9,Air Cutter
314,11,エアカッター
315,1,オーバーヒート
315,9,Overheat
315,11,オーバーヒート
316,1,かぎわける
316,9,Odor Sleuth
316,11,かぎわける
317,1,がんせきふうじ
317,9,Rock Tomb
317,11,がんせきふうじ
318,1,ぎんいろのかぜ
318,9,Silver Wind
318,11,ぎんいろのかぜ
319,1,きんぞくおん
319,9,Metal Sound
319,11,きんぞくおん
320,1,くさぶえ
320,9,Grass Whistle
320,11,くさぶえ
321,1,くすぐる
321,9,Tickle
321,11,くすぐる
322,1,コスモパワー
322,9,Cosmic Power
322,11,コスモパワー
323,1,しおふき
323,9,Water Spout
323,11,しおふき
324,1,シグナルビーム
324,9,Signal Beam
324,11,シグナルビーム
325,1,シャドーパンチ
325,9,Shadow Punch
325,11,シャドーパンチ
326,1,じんつうりき
326,9,Extrasensory
326,11,じんつうりき
327,1,スカイアッパー
327,9,Sky Uppercut
327,11,スカイアッパー
328,1,すなじごく
328,9,Sand Tomb
328,11,すなじごく
329,1,ぜったいれいど
329,9,Sheer Cold
329,11,ぜったいれいど
330,1,だくりゅう
330,9,Muddy Water
330,11,だくりゅう
331,1,タネマシンガン
331,9,Bullet Seed
331,11,タネマシンガン
332,1,つばめがえし
332,9,Aerial Ace
332,11,つばめがえし
333,1,つららばり
333,9,Icicle Spear
333,11,つららばり
334,1,てっぺき
334,9,Iron Defense
334,11,てっぺき
335,1,とおせんぼう
335,9,Block
335,11,とおせんぼう
336,1,とおぼえ
336,9,Howl
336,11,とおぼえ
337,1,ドラゴンクロー
337,9,Dragon Claw
337,11,ドラゴンクロー
338,1,ハードプラント
338,9,Frenzy Plant
338,11,ハードプラント
339,1,ビルドアップ
339,9,Bulk Up
339,11,ビルドアップ
340,1,とびはねる
340,9,Bounce
340,11,とびはねる
341,1,マッドショット
341,9,Mud Shot
341,11,マッドショット
342,1,ポイズンテール
342,9,Poison Tail
342,11,ポイズンテール
343,1,ほしがる
343,9,Covet
343,11,ほしがる
344,1,ボルテッカー
344,9,Volt Tackle
344,11,ボルテッカー
345,1,マジカルリーフ
345,9,Magical Leaf
345,11,マジカルリーフ
346,1,みずあそび
346,9,Water Sport
346,11,みずあそび
347,1,めいそう
347,9,Calm Mind
347,11,めいそう
348,1,リーフブレード
348,9,Leaf Blade
348,11,リーフブレード
349,1,りゅうのまい
349,9,Dragon Dance
349,11,りゅうのまい
350,1,ロックブラスト
350,9,Rock Blast
350,11,ロックブラスト
351,1,でんげきは
351,9,Shock Wave
351,11,でんげきは
352,1,みずのはどう
352,9,Water Pulse
352,11,みずのはどう
353,1,はめつのねがい
353,9,Doom Desire
353,11,はめつのねがい
354,1,サイコブースト
354,9,Psycho Boost
354,11,サイコブースト
355,1,はねやすめ
355,9,Roost
355,11,はねやすめ
356,1,じゅうりょく
356,9,Gravity
356,11,じゅうりょく
357,1,ミラクルアイ
357,9,Miracle Eye
357,11,ミラクルアイ
358,1,めざましビンタ
358,9,Wake-Up Slap
358,11,めざましビンタ
359,1,アームハンマー
359,9,Hammer Arm
359,11,アームハンマー
360,1,ジャイロボール
360,9,Gyro Ball
360,11,ジャイロボール
361,1,いやしのねがい
361,9,Healing Wish
361,11,いやしのねがい
362,1,しおみず
362,9,Brine
362,11,しおみず
363,1,しぜんのめぐみ
363,9,Natural Gift
363,11,しぜんのめぐみ
364,1,フェイント
364,9,Feint
364,11,フェイント
365,1,ついばむ
365,9,Pluck
365,11,ついばむ
366,1,おいかぜ
366,9,Tailwind
366,11,おいかぜ
367,1,つぼをつく
367,9,Acupressure
367,11,つぼをつく
368,1,メタルバースト
368,9,Metal Burst
368,11,メタルバースト
369,1,とんぼがえり
369,9,U-turn
369,11,とんぼがえり
370,1,インファイト
370,9,Close Combat
370,11,インファイト
371,1,しっぺがえし
371,9,Payback
371,11,しっぺがえし
372,1,ダメおし
372,9,Assurance
372,11,ダメおし
373,1,さしおさえ
373,9,Embargo
373,11,さしおさえ
374,1,なげつける
374,9,Fling
374,11,なげつける
375,1,サイコシフト
375,9,Psycho Shift
375,11,サイコシフト
376,1,きりふだ
376,9,Trump Card
376,11,きりふだ
377,1,かいふくふうじ
377,9,Heal Block
377,11,かいふくふうじ
378,1,しぼりとる
378,9,Wring Out
378,11,しぼりとる
379,1,パワートリック
379,9,Power Trick
379,11,パワートリック
380,1,いえき
380,9,Gastro Acid
380,11,いえき
381,1,おまじない
381,9,Lucky Chant
381,11,おまじない
382,1,さきどり
382,9,Me First
382,11,さきどり
383,1,まねっこ
383,9,Copycat
383,11,まねっこ
384,1,パワースワップ
384,9,Power Swap
384,11,パワースワップ
385,1,ガードスワップ
385,9,Guard Swap
385,11,ガードスワップ
386,1,おしおき
386,9,Punishment
386,11,おしおき
387,1,とっておき
387,9,Last Resort
387,11,とっておき
388,1,なやみのタネ
388,9,Worry Seed
388,11,なやみのタネ
389,1,ふいうち
389,9,Sucker Punch
389,11,ふいうち
390,1,どくびし
390,9,Toxic Spikes
390,11,どくびし
391,1,ハートスワップ
391,9,Heart Swap
391,11,ハートスワップ
392,1,アクアリング
392,9,Aqua Ring
392,11,アクアリング
393,1,でんじふゆう
393,9,Magnet Rise
393,11,でんじふゆう
394,1,フレアドライブ
394,9,Flare Blitz
394,11,フレアドライブ
395,1,はっけい
395,9,Force Palm
395,11,はっけい
396,1,はどうだん
396,9,Aura Sphere
396,11,はどうだん
397,1,ロックカット
397,9,Rock Polish
397,11,ロックカット
398,1,どくづき
398,9,Poison Jab
398,11,どくづき
399,1,あくのはどう
399,9,Dark Pulse
399,11,あくのはどう
400,1,つじぎり
400,9,Night Slash
400,11,つじぎり
401,1,アクアテール
401,9,Aqua Tail
401,11,アクアテール
402,1,タネばくだん
402,9,Seed Bomb
402,11,タネばくだん
403,1,エアスラッシュ
403,9,Air Slash
403,11,エアスラッシュ
404,1,シザークロス
404,9,X-Scissor
404,11,シザークロス
405,1,むしのさざめき
405,9,Bug Buzz
405,11,むしのさざめき
406,1,りゅうのはどう
406,9,Dragon Pulse
406,11,りゅうのはどう
407,1,ドラゴンダイブ
407,9,Dragon Rush
407,11,ドラゴンダイブ
408,1,パワージェム
408,9,Power Gem
408,11,パワージェム
409,1,ドレインパンチ
409,9,Drain Punch
409,11,ドレインパンチ
410,1,しんくうは
410,9,Vacuum Wave
410,11,しんくうは
411,1,きあいだま
411,9,Focus Blast
411,11,きあいだま
412,1,エナジーボール
412,9,Energy Ball
412,11,エナジーボール
413,1,ブレイブバード
413,9,Brave Bird
413,11,ブレイブバード
414,1,だいちのちから
414,9,Earth Power
414,11,だいちのちから
415,1,すりかえ
415,9,Switcheroo
415,11,すりかえ
416,1,ギガインパクト
416,9,Giga Impact
416,11,ギガインパクト
417,1,わるだくみ
417,9,Nasty Plot
417,11,わるだくみ
418,1,バレットパンチ
418,9,Bullet Punch
418,11,バレットパンチ
419,1,ゆきなだれ
419,9,Avalanche
419,11,ゆきなだれ
420,1,こおりのつぶて
420,9,Ice Shard
420,11,こおりのつぶて
421,1,シャドークロー
421,9,Shadow Claw
421,11,シャドークロー
422,1,かみなりのキバ
422,9,Thunder Fang
422,11,かみなりのキバ
423,1,こおりのキバ
423,9,Ice Fang
423,11,こおりのキバ
424,1,ほのおのキバ
424,9,Fire Fang
424,11,ほのおのキバ
425,1,かげうち
425,9,Shadow Sneak
425,11,かげうち
426,1,どろばくだん
426,9,Mud Bomb
426,11,どろばくだん
427,1,サイコカッター
427,9,Psycho Cut
427,11,サイコカッター
428,1,しねんのずつき
428,9,Zen Headbutt
428,11,しねんのずつき
429,1,ミラーショット
429,9,Mirror Shot
429,11,ミラーショット
430,1,ラスターカノン
430,9,Flash Cannon
430,11,ラスターカノン
431,1,ロッククライム
431,9,Rock Climb
431,11,ロッククライム
432,1,きりばらい
432,9,Defog
432,11,きりばらい
433,1,トリックルーム
433,9,Trick Room
433,11,トリックルーム
434,1,りゅうせいぐん
434,9,Draco Meteor
434,11,りゅうせいぐん
435,1,ほうでん
435,9,Discharge
435,11,ほうでん
436,1,ふんえん
436,9,Lava Plume
436,11,ふんえん
437,1,リーフストーム
437,9,Leaf Storm
437,11,リーフストーム
438,1,パワーウィップ
438,9,Power Whip
438,11,パワーウィップ
439,1,がんせきほう
439,9,Rock Wrecker
439,11,がんせきほう
440,1,クロスポイズン
440,9,Cross Poison
440,11,クロスポイズン
441,1,ダストシュート
441,9,Gunk Shot
441,11,ダストシュート
442,1,アイアンヘッド
442,9,Iron Head
442,11,アイアンヘッド
443,1,マグネットボム
443,9,Magnet Bomb
443,11,マグネットボム
444,1,ストーンエッジ
444,9,Stone Edge
444,11,ストーンエッジ
445,1,ゆうわく
445,9,Captivate
445,11,ゆうわく
446,1,ステルスロック
446,9,Stealth Rock
446,11,ステルスロック
447,1,くさむすび
447,9,Grass Knot
447,11,くさむすび
448,1,おしゃべり
448,9,Chatter
448,11,おしゃべり
449,1,さばきのつぶて
449,9,Judgment
449,11,さばきのつぶて
450,1,むしくい
450,9,Bug Bite
450,11,むしくい
451,1,チャージビーム
451,9,Charge Beam
451,11,チャージビーム
452,1,ウッドハンマー
452,9,Wood Hammer
452,11,ウッドハンマー
453,1,アクアジェット
453,9,Aqua Jet
453,11,アクアジェット
454,1,こうげきしれい
454,9,Attack Order
454,11,こうげきしれい
455,1,ぼうぎょしれい
455,9,Defend Order
455,11,ぼうぎょしれい
456,1,かいふくしれい
456,9,Heal Order
456,11,かいふくしれい
457,1,もろはのずつき
457,9,Head Smash
457,11,もろはのずつき
458,1,ダブルアタック
458,9,Double Hit
458,11,ダブルアタック
459,1,ときのほうこう
459,9,Roar of Time
459,11,ときのほうこう
460,1,あくうせつだん
460,9,Spacial Rend
460,11,あくうせつだん
461,1,みかづきのまい
461,9,Lunar Dance
461,11,みかづきのまい
462,1,にぎりつぶす
462,9,Crush Grip
462,11,にぎりつぶす
463,1,マグマストーム
463,9,Magma Storm
463,11,マグマストーム
464,1,ダークホール
464,9,Dark Void
464,11,ダークホール
465,1,シードフレア
465,9,Seed Flare
465,11,シードフレア
466,1,あやしいかぜ
466,9,Ominous Wind
466,11,あやしいかぜ
467,1,シャドーダイブ
467,9,Shadow Force
467,11,シャドーダイブ
468,1,つめとぎ
468,9,Hone Claws
468,11,つめとぎ
469,1,ワイドガード
469,9,Wide Guard
469,11,ワイドガード
470,1,ガードシェア
470,9,Guard Split
470,11,ガードシェア
471,1,パワーシェア
471,9,Power Split
471,11,パワーシェア
472,1,ワンダールーム
472,9,Wonder Room
472,11,ワンダールーム
473,1,サイコショック
473,9,Psyshock
473,11,サイコショック
474,1,ベノムショック
474,9,Venoshock
474,11,ベノムショック
475,1,ボディパージ
475,9,Autotomize
475,11,ボディパージ
476,1,いかりのこな
476,9,Rage Powder
476,11,いかりのこな
477,1,テレキネシス
477,9,Telekinesis
477,11,テレキネシス
478,1,マジックルーム
478,9,Magic Room
478,11,マジックルーム
479,1,うちおとす
479,9,Smack Down
479,11,うちおとす
480,1,やまあらし
480,9,Storm Throw
480,11,やまあらし
481,1,はじけるほのお
481,9,Flame Burst
481,11,はじけるほのお
482,1,ヘドロウェーブ
482,9,Sludge Wave
482,11,ヘドロウェーブ
483,1,ちょうのまい
483,9,Quiver Dance
483,11,ちょうのまい
484,1,ヘビーボンバー
484,9,Heavy Slam
484,11,ヘビーボンバー
485,1,シンクロノイズ
485,9,Synchronoise
485,11,シンクロノイズ
486,1,エレキボール
486,9,Electro Ball
486,11,エレキボール
487,1,みずびたし
487,9,Soak
487,11,みずびたし
488,1,ニトロチャージ
488,9,Flame Charge
488,11,ニトロチャージ
489,1,とぐろをまく
489,9,Coil
489,11,とぐろをまく
490,1,ローキック
490,9,Low Sweep
490,11,ローキック
491,1,アシッドボム
491,9,Acid Spray
491,11,アシッドボム
492,1,イカサマ
492,9,Foul Play
492,11,イカサマ
493,1,シンプルビーム
493,9,Simple Beam
493,11,シンプルビーム
494,1,なかまづくり
494,9,Entrainment
494,11,なかまづくり
495,1,おさきにどうぞ
495,9,After You
495,11,おさきにどうぞ
496,1,りんしょう
496,9,Round
496,11,りんしょう
497,1,エコーボイス
497,9,Echoed Voice
497,11,エコーボイス
498,1,なしくずし
498,9,Chip Away
498,11,なしくずし
499,1,クリアスモッグ
499,9,Clear Smog
499,11,クリアスモッグ
500,1,アシストパワー
500,9,Stored Power
500,11,アシストパワー
501,1,ファストガード
501,9,Quick Guard
501,11,ファストガード
502,1,サイドチェンジ
502,9,Ally Switch
502,11,サイドチェンジ
503,1,ねっとう
503,9,Scald
503,11,ねっとう
504,1,からをやぶる
504,9,Shell Smash
504,11,からをやぶる
505,1,いやしのはどう
505,9,Heal Pulse
505,11,いやしのはどう
506,1,たたりめ
506,9,Hex
506,11,たたりめ
507,1,フリーフォール
507,9,Sky Drop
507,11,フリーフォール
508,1,ギアチェンジ
508,9,Shift Gear
508,11,ギアチェンジ
509,1,ともえなげ
509,9,Circle Throw
509,11,ともえなげ
510,1,やきつくす
510,9,Incinerate
510,11,やきつくす
511,1,さきおくり
511,9,Quash
511,11,さきおくり
512,1,アクロバット
512,9,Acrobatics
512,11,アクロバット
513,1,ミラータイプ
513,9,Reflect Type
513,11,ミラータイプ
514,1,かたきうち
514,9,Retaliate
514,11,かたきうち
515,1,いのちがけ
515,9,Final Gambit
515,11,いのちがけ
516,1,ギフトパス
516,9,Bestow
516,11,ギフトパス
517,1,れんごく
517,9,Inferno
517,11,れんごく
518,1,みずのちかい
518,9,Water Pledge
518,11,みずのちかい
519,1,ほのおのちかい
519,9,Fire Pledge
519,11,ほのおのちかい
520,1,くさのちかい
520,9,Grass Pledge
520,11,くさのちかい
521,1,ボルトチェンジ
521,9,Volt Switch
521,11,ボルトチェンジ
522,1,むしのていこう
522,9,Struggle Bug
522,11,むしのていこう
523,1,じならし
523,9,Bulldoze
523,11,じならし
524,1,こおりのいぶき
524,9,Frost Breath
524,11,こおりのいぶき
525,1,ドラゴンテール
525,9,Dragon Tail
525,11,ドラゴンテール
526,1,ふるいたてる
526,9,Work Up
526,11,ふるいたてる
527,1,エレキネット
527,9,Electroweb
527,11,エレキネット
528,1,ワイルドボルト
528,9,Wild Charge
528,11,ワイルドボルト
529,1,ドリルライナー
529,9,Drill Run
529,11,ドリルライナー
530,1,ダブルチョップ
530,9,Dual Chop
530,11,ダブルチョップ
531,1,ハートスタンプ
531,9,Heart Stamp
531,11,ハートスタンプ
532,1,ウッドホーン
532,9,Horn Leech
532,11,ウッドホーン
533,1,せいなるつるぎ
533,9,Sacred Sword
533,11,せいなるつるぎ
534,1,シェルブレード
534,9,Razor Shell
534,11,シェルブレード
535,1,ヒートスタンプ
535,9,Heat Crash
535,11,ヒートスタンプ
536,1,グラスミキサー
536,9,Leaf Tornado
536,11,グラスミキサー
537,1,ハードローラー
537,9,Steamroller
537,11,ハードローラー
538,1,コットンガード
538,9,Cotton Guard
538,11,コットンガード
539,1,ナイトバースト
539,9,Night Daze
539,11,ナイトバースト
540,1,サイコブレイク
540,9,Psystrike
540,11,サイコブレイク
541,1,スイープビンタ
541,9,Tail Slap
541,11,スイープビンタ
542,1,ぼうふう
542,9,Hurricane
542,11,ぼうふう
543,1,アフロブレイク
543,9,Head Charge
543,11,アフロブレイク
544,1,ギアソーサー
544,9,Gear Grind
544,11,ギアソーサー
545,1,かえんだん
545,9,Searing Shot
545,11,かえんだん
546,1,テクノバスター
546,9,Techno Blast
546,11,テクノバスター
547,1,いにしえのうた
547,9,Relic Song
547,11,いにしえのうた
548,1,しんぴのつるぎ
548,9,Secret Sword
548,11,しんぴのつるぎ
549,1,こごえるせかい
549,9,Glaciate
549,11,こごえるせかい
550,1,らいげき
550,9,Bolt Strike
550,11,らいげき
551,1,あおいほのお
551,9,Blue Flare
551,11,あおいほのお
552,1,ほのおのまい
552,9,Fiery Dance
552,11,ほのおのまい
553,1,フリーズボルト
553,9,Freeze Shock
553,11,フリーズボルト
554,1,コールドフレア
554,9,Ice Burn
554,11,コールドフレア
555,1,バークアウト
555,9,Snarl
555,11,バークアウト
556,1,つららおとし
556,9,Icicle Crash
556,11,つららおとし
557,1,Ｖジェネレート
557,9,V-create
557,11,Ｖジェネレート
558,1,クロスフレイム
558,9,Fusion Flare
558,11,クロスフレイム
559,1,クロスサンダー
559,9,Fusion Bolt
559,11,クロスサンダー
560,1,フライングプレス
560,9,Flying Press
560,11,フライングプレス
561,1,たたみがえし
561,9,Mat Block
561,11,たたみがえし
562,1,ゲップ
562,9,Belch
562,11,ゲップ
563,1,たがやす
563,9,Rototiller
563,11,たがやす
564,1,ねばねばネット
564,9,Sticky Web
564,11,ねばねばネット
565,1,とどめばり
565,9,Fell Stinger
565,11,とどめばり
566,1,ゴーストダイブ
566,9,Phantom Force
566,11,ゴーストダイブ
567,1,ハロウィン
567,9,Trick-or-Treat
567,11,ハロウィン
568,1,おたけび
568,9,Noble Roar
568,11,おたけび
569,1,プラズマシャワー
569,9,Ion Deluge
569,11,プラズマシャワー
570,1,パラボラチャージ
570,9,Parabolic Charge
570,11,パラボラチャージ
571,1,もりののろい
571,9,Forest’s Curse
571,11,もりののろい
572,1,はなふぶき
572,9,Petal Blizzard
572,11,はなふぶき
573,1,フリーズドライ
573,9,Freeze-Dry
573,11,フリーズドライ
574,1,チャームボイス
574,9,Disarming Voice
574,11,チャームボイス
575,1,すてゼリフ
575,9,Parting Shot
575,11,すてゼリフ
576,1,ひっくりかえす
576,9,Topsy-Turvy
576,11,ひっくりかえす
577,1,ドレインキッス
577,9,Draining Kiss
577,11,ドレインキッス
578,1,トリックガード
578,9,Crafty Shield
578,11,トリックガード
579,1,フラワーガード
579,9,Flower Shield
579,11,フラワーガード
580,1,グラスフィールド
580,9,Grassy Terrain
580,11,グラスフィールド
581,1,ミストフィールド
581,9,Misty Terrain
581,11,ミストフィールド
582,1,そうでん
582,9,Electrify
582,11,そうでん
583,1,じゃれつく
583,9,Play Rough
583,11,じゃれつく
584,1,ようせいのかぜ
584,9,Fairy Wind
584,11,ようせいのかぜ
585,1,ムーンフォース
585,9,Moonblast
585,11,ムーンフォース
586,1,ばくおんぱ
586,9,Boomburst
586,11,ばくおんぱ
587,1,フェアリーロック
587,9,Fairy Lock
587,11,フェアリーロック
588,1,キングシールド
588,9,King’s Shield
588,11,キングシールド
589,1,なかよくする
589,9,Play Nice
589,11,なかよくする
590,1,ないしょばなし
590,9,Confide
590,11,ないしょばなし
591,1,ダイヤストーム
591,9,Diamond Storm
591,11,ダイヤストーム
592,1,スチームバースト
592,9,Steam Eruption
592,11,スチームバースト
593,1,いじげんホール
593,9,Hyperspace Hole
593,11,いじげんホール
594,1,みずしゅりけん
594,9,Water Shuriken
594,11,みずしゅりけん
595,1,マジカルフレイム
595,9,Mystical Fire
595,11,マジカルフレイム
596,1,ニードルガード
596,9,Spiky Shield
596,11,ニードルガード
597,1,アロマミスト
597,9,Aromatic Mist
597,11,アロマミスト
598,1,かいでんぱ
598,9,Eerie Impulse
598,11,かいでんぱ
599,1,ベノムトラップ
599,9,Venom Drench
599,11,ベノムトラップ
600,1,ふんじん
600,9,Powder
600,11,ふんじん
601,1,ジオコントロール
601,9,Geomancy
601,11,ジオコントロール
602,1,じばそうさ
602,9,Magnetic Flux
602,11,じばそうさ
603,1,ハッピータイム
603,9,Happy Hour
603,11,ハッピータイム
604,1,エレキフィールド
604,9,Electric Terrain
604,11,エレキフィールド
605,1,マジカルシャイン
605,9,Dazzling Gleam
605,11,マジカルシャイン
606,1,おいわい
606,9,Celebrate
606,11,おいわい
607,1,てをつなぐ
607,9,Hold Hands
607,11,てをつなぐ
608,1,つぶらなひとみ
608,9,Baby-Doll Eyes
608,11,つぶらなひとみ
609,1,ほっぺすりすり
609,9,Nuzzle
609,11,ほっぺすりすり
610,1,てかげん
610,9,Hold Back
610,11,てかげん
611,1,まとわりつく
611,9,Infestation
611,11,まとわりつく
612,1,グロウパンチ
612,9,Power-Up Punch
612,11,グロウパンチ
613,1,デスウイング
613,9,Oblivion Wing
613,11,デスウイング
614,1,サウザンアロー
614,9,Thousand Arrows
614,11,サウザンアロー
615,1,サウザンウェーブ
615,9,Thousand Waves
615,11,サウザンウェーブ
616,1,グランドフォース
616,9,Land’s Wrath
616,11,グランドフォース
617,1,はめつのひかり
617,9,Light of Ruin
617,11,はめつのひかり
618,1,こんげんのはどう
618,9,Origin Pulse
618,11,こんげんのはどう
619,1,だんがいのつるぎ
619,9,Precipice Blades
619,11,だんがいのつるぎ
620,1,ガリョウテンセイ
620,9,Dragon Ascent
620,11,ガリョウテンセイ
621,1,いじげんラッシュ
621,9,Hyperspace Fury
621,11,いじげんラッシュ
622,1,ウルトラダッシュアタック
622,9,Breakneck Blitz
622,11,ウルトラダッシュアタック
623,1,ウルトラダッシュアタック
623,9,Breakneck Blitz
623,11,ウルトラダッシュアタック
624,1,ぜんりょくむそうげきれつけん
624,9,All-Out Pummeling
624,11,ぜんりょくむそうげきれつけん
625,1,ぜんりょくむそうげきれつけん
625,9,All-Out Pummeling
625,11,ぜんりょくむそうげきれつけん
626,1,ファイナルダイブクラッシュ
626,9,Supersonic Skystrike
626,11,ファイナルダイブクラッシュ
627,1,ファイナルダイブクラッシュ
627,9,Supersonic Skystrike
627,11,ファイナルダイブクラッシュ
628,1,アシッドポイズンデリート
628,9,Acid Downpour
628,11,アシッドポイズンデリート
629,1,アシッドポイズンデリート
629,9,Acid Downpour
629,11,アシッドポイズンデリート
630,1,ライジングランドオーバー
630,9,Tectonic Rage
630,11,ライジングランドオーバー
631,1,ライジングランドオーバー
631,9,Tectonic Rage
631,11,ライジングランドオーバー
632,1,ワールズエンドフォール
632,9,Continental Crush
632,11,ワールズエンドフォール
633,1,ワールズエンドフォール
633,9,Continental Crush
633,11,ワールズエンドフォール
634,1,ぜったいほしょくかいてんざん
634,9,Savage Spin-Out
634,11,ぜったいほしょくかいてんざん
635,1,ぜったいほしょくかいてんざん
635,9,Savage Spin-Out
635,11,ぜったいほしょくかいてんざん
636,1,むげんあんやへのいざない
636,9,Never-Ending Nightmare
636,11,むげんあんやへのいざない
637,1,むげんあんやへのいざない
637,9,Never-Ending Nightmare
637,11,むげんあんやへのいざない
638,1,ちょうぜつらせんれんげき
638,9,Corkscrew Crash
638,11,ちょうぜつらせんれんげき
639,1,ちょうぜつらせんれんげき
639,9,Corkscrew Crash
639,11,ちょうぜつらせんれんげき
640,1,ダイナミックフルフレイム
640,9,Inferno Overdrive
640,11,ダイナミックフルフレイム
641,1,ダイナミックフルフレイム
641,9,Inferno Overdrive
641,11,ダイナミックフルフレイム
642,1,スーパーアクアトルネード
642,9,Hydro Vortex
642,11,スーパーアクアトルネード
643,1,スーパーアクアトルネード
643,9,Hydro Vortex
643,11,スーパーアクアトルネード
644,1,ブルームシャインエクストラ
644,9,Bloom Doom
644,11,ブルームシャインエクストラ
645,1,ブルームシャインエクストラ
645,9,Bloom Doom
645,11,ブルームシャインエクストラ
646,1,スパーキングギガボルト
646,9,Gigavolt Havoc
646,11,スパーキングギガボルト
647,1,スパーキングギガボルト
647,9,Gigavolt Havoc
647,11,スパーキングギガボルト
648,1,マキシマムサイブレイカー
648,9,Shattered Psyche
648,11,マキシマムサイブレイカー
649,1,マキシマムサイブレイカー
649,9,Shattered Psyche
649,11,マキシマムサイブレイカー
650,1,レイジングジオフリーズ
650,9,Subzero Slammer
650,11,レイジングジオフリーズ
651,1,レイジングジオフリーズ
651,9,Subzero Slammer
651,11,レイジングジオフリーズ
652,1,アルティメットドラゴンバーン
652,9,Devastating Drake
652,11,アルティメットドラゴンバーン
653,1,アルティメットドラゴンバーン
653,9,Devastating Drake
653,11,アルティメットドラゴンバーン
654,1,ブラックホールイクリプス
654,9,Black Hole Eclipse
654,11,ブラックホールイクリプス
655,1,ブラックホールイクリプス
655,9,Black Hole Eclipse
655,11,ブラックホールイクリプス
656,1,ラブリースターインパクト
656,9,Twinkle Tackle
656,11,ラブリースターインパクト
657,1,ラブリースターインパクト
657,9,Twinkle Tackle
657,11,ラブリースターインパクト
658,1,ひっさつのピカチュート
658,9,Catastropika
658,11,ひっさつのピカチュート
659,1,すなあつめ
659,9,Shore Up
659,11,すなあつめ
660,1,であいがしら
660,9,First Impression
660,11,であいがしら
661,1,トーチカ
661,9,Baneful Bunker
661,11,トーチカ
662,1,かげぬい
662,9,Spirit Shackle
662,11,かげぬい
663,1,ＤＤラリアット
663,9,Darkest Lariat
663,11,ＤＤラリアット
664,1,うたかたのアリア
664,9,Sparkling Aria
664,11,うたかたのアリア
665,1,アイスハンマー
665,9,Ice Hammer
665,11,アイスハンマー
666,1,フラワーヒール
666,9,Floral Healing
666,11,フラワーヒール
667,1,１０まんばりき
667,9,High Horsepower
667,11,１０まんばりき
668,1,ちからをすいとる
668,9,Strength Sap
668,11,ちからをすいとる
669,1,ソーラーブレード
669,9,Solar Blade
669,11,ソーラーブレード
670,1,このは
670,9,Leafage
670,11,このは
671,1,スポットライト
671,9,Spotlight
671,11,スポットライト
672,1,どくのいと
672,9,Toxic Thread
672,11,どくのいと
673,1,とぎすます
673,9,Laser Focus
673,11,とぎすます
674,1,アシストギア
674,9,Gear Up
674,11,アシストギア
675,1,じごくづき
675,9,Throat Chop
675,11,じごくづき
676,1,かふんだんご
676,9,Pollen Puff
676,11,かふんだんご
677,1,アンカーショット
677,9,Anchor Shot
677,11,アンカーショット
678,1,サイコフィールド
678,9,Psychic Terrain
678,11,サイコフィールド
679,1,とびかかる
679,9,Lunge
679,11,とびかかる
680,1,ほのおのムチ
680,9,Fire Lash
680,11,ほのおのムチ
681,1,つけあがる
681,9,Power Trip
681,11,つけあがる
682,1,もえつきる
682,9,Burn Up
682,11,もえつきる
683,1,スピードスワップ
683,9,Speed Swap
683,11,スピードスワップ
684,1,スマートホーン
684,9,Smart Strike
684,11,スマートホーン
685,1,じょうか
685,9,Purify
685,11,じょうか
686,1,めざめるダンス
686,9,Revelation Dance
686,11,めざめるダンス
687,1,コアパニッシャー
687,9,Core Enforcer
687,11,コアパニッシャー
688,1,トロピカルキック
688,9,Trop Kick
688,11,トロピカルキック
689,1,さいはい
689,9,Instruct
689,11,さいはい
690,1,くちばしキャノン
690,9,Beak Blast
690,11,くちばしキャノン
691,1,スケイルノイズ
691,9,Clanging Scales
691,11,スケイルノイズ
692,1,ドラゴンハンマー
692,9,Dragon Hammer
692,11,ドラゴンハンマー
693,1,ぶんまわす
693,9,Brutal Swing
693,11,ぶんまわす
694,1,オーロラベール
694,9,Aurora Veil
694,11,オーロラベール
695,1,シャドーアローズストライク
695,9,Sinister Arrow Raid
695,11,シャドーアローズストライク
696,1,ハイパーダーククラッシャー
696,9,Malicious Moonsault
696,11,ハイパーダーククラッシャー
697,1,わだつみのシンフォニア
697,9,Oceanic Operetta
697,11,わだつみのシンフォニア
698,1,ガーディアン・デ・アローラ
698,9,Guardian of Alola
698,11,ガーディアン・デ・アローラ
699,1,しちせいだっこんたい
699,9,Soul-Stealing 7-Star Strike
699,11,しちせいだっこんたい
700,1,ライトニングサーフライド
700,9,Stoked Sparksurfer
700,11,ライトニングサーフライド
701,1,ほんきをだす　こうげき
701,9,Pulverizing Pancake
701,11,ほんきをだす　こうげき
702,1,ナインエボルブースト
702,9,Extreme Evoboost
702,11,ナインエボルブースト
703,1,オリジンズスーパーノヴァ
703,9,Genesis Supernova
703,11,オリジンズスーパーノヴァ
704,1,トラップシェル
704,9,Shell Trap
704,11,トラップシェル
705,1,フルールカノン
705,9,Fleur Cannon
705,11,フルールカノン
706,1,サイコファング
706,9,Psychic Fangs
706,11,サイコファング
707,1,じだんだ
707,9,Stomping Tantrum
707,11,じだんだ
708,1,シャドーボーン
708,9,Shadow Bone
708,11,シャドーボーン
709,1,アクセルロック
709,9,Accelerock
709,11,アクセルロック
710,1,アクアブレイク
710,9,Liquidation
710,11,アクアブレイク
711,1,プリズムレーザー
711,9,Prismatic Laser
711,11,プリズムレーザー
712,1,シャドースチール
712,9,Spectral Thief
712,11,シャドースチール
713,1,メテオドライブ
713,9,Sunsteel Strike
713,11,メテオドライブ
714,1,シャドーレイ
714,9,Moongeist Beam
714,11,シャドーレイ
715,1,なみだめ
715,9,Tearful Look
715,11,なみだめ
716,1,びりびりちくちく
716,9,Zing Zap
716,11,びりびりちくちく
717,1,しぜんのいかり
717,9,Nature’s Madness
717,11,しぜんのいかり
718,1,マルチアタック
718,9,Multi-Attack
718,11,マルチアタック
719,1,１０００まんボルト
719,9,"10,000,000 Volt Thunderbolt"
719,11,１０００まんボルト
720,1,ビックリヘッド
720,9,Mind Blown
720,11,ビックリヘッド
721,1,プラズマフィスト
721,9,Plasma Fists
721,11,プラズマフィスト
722,1,フォトンゲイザー
722,9,Photon Geyser
722,11,フォトンゲイザー
723,1,てんこがすめつぼうのひかり
723,9,Light That Burns the Sky
723,11,てんこがすめつぼうのひかり
724,1,サンシャインスマッシャー
724,9,Searing Sunraze Smash
724,11,サンシャインスマッシャー
725,1,ムーンライトブラスター
725,9,Menacing Moonraze Maelstrom
725,11,ムーンライトブラスター
726,1,ぽかぼかフレンドタイム
726,9,Let’s Snuggle Forever
726,11,ぽかぼかフレンドタイム
727,1,ラジアルエッジストーム
727,9,Splintered Stormshards
727,11,ラジアルエッジストーム
728,1,ブレイジングソウルビート
728,9,Clangorous Soulblaze
728,11,ブレイジングソウルビート
729,1,ばちばちアクセル
729,9,Zippy Zap
729,11,ばちばちアクセル
730,1,ざぶざぶサーフ
730,9,Splishy Splash
730,11,ざぶざぶサーフ
731,1,ふわふわフォール
731,9,Floaty Fall
731,11,ふわふわフォール
732,1,ピカピカサンダー
732,9,Pika Papow
732,11,ピカピカサンダー
733,1,いきいきバブル
733,9,Bouncy Bubble
733,11,いきいきバブル
734,1,びりびりエレキ
734,9,Buzzy Buzz
734,11,びりびりエレキ
735,1,めらめらバーン
735,9,Sizzly Slide
735,11,めらめらバーン
736,1,どばどばオーラ
736,9,Glitzy Glow
736,11,どばどばオーラ
737,1,わるわるゾーン
737,9,Baddy Bad
737,11,わるわるゾーン
738,1,すくすくボンバー
738,9,Sappy Seed
738,11,すくすくボンバー
739,1,こちこちフロスト
739,9,Freezy Frost
739,11,こちこちフロスト
740,1,きらきらストーム
740,9,Sparkly Swirl
740,11,きらきらストーム
741,1,ブイブイブレイク
741,9,Veevee Volley
741,11,ブイブイブレイク
742,1,ダブルパンツァー
742,9,Double Iron Bash
742,11,ダブルパンツァー
743,1,ダイウォール
743,9,Max Guard
743,11,ダイウォール
744,1,ダイマックスほう
744,9,Dynamax Cannon
744,11,ダイマックスほう
745,1,ねらいうち
745,9,Snipe Shot
745,11,ねらいうち
746,1,くらいつく
746,9,Jaw Lock
746,11,くらいつく
747,1,ほおばる
747,9,Stuff Cheeks
747,11,ほおばる
748,1,はいすいのじん
748,9,No Retreat
748,11,はいすいのじん
749,1,タールショット
749,9,Tar Shot
749,11,タールショット
750,1,まほうのこな
750,9,Magic Powder
750,11,まほうのこな
751,1,ドラゴンアロー
751,9,Dragon Darts
751,11,ドラゴンアロー
752,1,おちゃかい
752,9,Teatime
752,11,おちゃかい
753,1,たこがため
753,9,Octolock
753,11,たこがため
754,1,でんげきくちばし
754,9,Bolt Beak
754,11,でんげきくちばし
755,1,エラがみ
755,9,Fishious Rend
755,11,エラがみ
756,1,コートチェンジ
756,9,Court Change
756,11,コートチェンジ
757,1,ダイバーン
757,9,Max Flare
757,11,ダイバーン
758,1,ダイワーム
758,9,Max Flutterby
758,11,ダイワーム
759,1,ダイサンダー
759,9,Max Lightning
759,11,ダイサンダー
760,1,ダイアタック
760,9,Max Strike
760,11,ダイアタック
761,1,ダイナックル
761,9,Max Knuckle
761,11,ダイナックル
762,1,ダイホロウ
762,9,Max Phantasm
762,11,ダイホロウ
763,1,ダイアイス
763,9,Max Hailstorm
763,11,ダイアイス
764,1,ダイアシッド
764,9,Max Ooze
764,11,ダイアシッド
765,1,ダイストリーム
765,9,Max Geyser
765,11,ダイストリーム
766,1,ダイジェット
766,9,Max Airstream
766,11,ダイジェット
767,1,ダイフェアリー
767,9,Max Starfall
767,11,ダイフェアリー
768,1,ダイドラグーン
768,9,Max Wyrmwind
768,11,ダイドラグーン
769,1,ダイサイコ
769,9,Max Mindstorm
769,11,ダイサイコ
770,1,ダイロック
770,9,Max Rockfall
770,11,ダイロック
771,1,ダイアース
771,9,Max Quake
771,11,ダイアース
772,1,ダイアーク
772,9,Max Darkness
772,11,ダイアーク
773,1,ダイソウゲン
773,9,Max Overgrowth
773,11,ダイソウゲン
774,1,ダイスチル
774,9,Max Steelspike
774,11,ダイスチル
775,1,ソウルビート
775,9,Clangorous Soul
775,11,ソウルビート
776,1,ボディプレス
776,9,Body Press
776,11,ボディプレス
777,1,デコレーション
777,9,Decorate
777,11,デコレーション
778,1,ドラムアタック
778,9,Drum Beating
778,11,ドラムアタック
779,1,トラバサミ
779,9,Snap Trap
779,11,トラバサミ
780,1,かえんボール
780,9,Pyro Ball
780,11,かえんボール
781,1,きょじゅうざん
781,9,Behemoth Blade
781,11,きょじゅうざん
782,1,きょじゅうだん
782,9,Behemoth Bash
782,11,きょじゅうだん
783,1,オーラぐるま
783,9,Aura Wheel
783,11,オーラぐるま
784,1,ワイドブレイカー
784,9,Breaking Swipe
784,11,ワイドブレイカー
785,1,えだづき
785,9,Branch Poke
785,11,えだづき
786,1,オーバードライブ
786,9,Overdrive
786,11,オーバードライブ
787,1,りんごさん
787,9,Apple Acid
787,11,りんごさん
788,1,Ｇのちから
788,9,Grav Apple
788,11,Ｇのちから
789,1,ソウルクラッシュ
789,9,Spirit Break
789,11,ソウルクラッシュ
790,1,ワンダースチーム
790,9,Strange Steam
790,11,ワンダースチーム
791,1,いのちのしずく
791,9,Life Dew
791,11,いのちのしずく
792,1,ブロッキング
792,9,Obstruct
792,11,ブロッキング
793,1,どげざつき
793,9,False Surrender
793,11,どげざつき
794,1,スターアサルト
794,9,Meteor Assault
794,11,スターアサルト
795,1,ムゲンダイビーム
795,9,Eternabeam
795,11,ムゲンダイビーム
796,1,てっていこうせん
796,9,Steel Beam
796,11,てっていこうせん
797,1,ワイドフォース
797,9,Expanding Force
797,11,ワイドフォース
798,1,アイアンローラー
798,9,Steel Roller
798,11,アイアンローラー
799,1,スケイルショット
799,9,Scale Shot
799,11,スケイルショット
800,1,メテオビーム
800,9,Meteor Beam
800,11,メテオビーム
801,1,シェルアームズ
801,9,Shell Side Arm
801,11,シェルアームズ
802,1,ミストバースト
802,9,Misty Explosion
802,11,ミストバースト
803,1,グラススライダー
803,9,Grassy Glide
803,11,グラススライダー
804,1,ライジングボルト
804,9,Rising Voltage
804,11,ライジングボルト
805,1,だいちのはどう
805,9,Terrain Pulse
805,11,だいちのはどう
806,1,はいよるいちげき
806,9,Skitter Smack
806,11,はいよるいちげき
807,1,しっとのほのお
807,9,Burning Jealousy
807,11,しっとのほのお
808,1,うっぷんばらし
808,9,Lash Out
808,11,うっぷんばらし
809,1,ポルターガイスト
809,9,Poltergeist
809,11,ポルターガイスト
810,1,ふしょくガス
810,9,Corrosive Gas
810,11,ふしょくガス
811,1,コーチング
811,9,Coaching
811,11,コーチング
812,1,クイックターン
812,9,Flip Turn
812,11,クイックターン
813,1,トリプルアクセル
813,9,Triple Axel
813,11,トリプルアクセル
814,1,ダブルウイング
814,9,Dual Wingbeat
814,11,ダブルウイング
815,1,ねっさのだいち
815,9,Scorching Sands
815,11,ねっさのだいち
816,1,ジャングルヒール
816,9,Jungle Healing
816,11,ジャングルヒール
817,1,あんこくきょうだ
817,9,Wicked Blow
817,11,あんこくきょうだ
818,1,すいりゅうれんだ
818,9,Surging Strikes
818,11,すいりゅうれんだ
819,1,サンダープリズン
819,9,Thunder Cage
819,11,サンダープリズン
820,1,ドラゴンエナジー
820,9,Dragon Energy
820,11,ドラゴンエナジー
821,1,いてつくしせん
821,9,Freezing Glare
821,11,いてつくしせん
822,1,もえあがるいかり
822,9,Fiery Wrath
822,11,もえあがるいかり
823,1,らいめいげり
823,9,Thunderous Kick
823,11,らいめいげり
824,1,ブリザードランス
824,9,Glacial Lance
824,11,ブリザードランス
825,1,アストラルビット
825,9,Astral Barrage
825,11,アストラルビット
826,1,ぶきみなじゅもん
826,9,Eerie Spell
826,11,ぶきみなじゅもん
827,1,フェイタルクロー
827,9,Dire Claw
827,11,フェイタルクロー
828,1,バリアーラッシュ
828,9,Psyshield Bash
828,11,バリアーラッシュ
829,1,パワーシフト
829,9,Power Shift
829,11,パワーシフト
830,1,がんせきアックス
830,9,Stone Axe
830,11,がんせきアックス
831,1,はるのあらし
831,9,Springtide Storm
831,11,はるのあらし
832,1,しんぴのちから
832,9,Mystical Power
832,11,しんぴのちから
833,1,だいふんげき
833,9,Raging Fury
833,11,だいふんげき
834,1,ウェーブタックル
834,9,Wave Crash
834,11,ウェーブタックル
835,1,クロロブラスト
835,9,Chloroblast
835,11,クロロブラスト
836,1,ひょうざんおろし
836,9,Mountain Gale
836,11,ひょうざんおろし
837,1,しょうりのまい
837,9,Victory Dance
837,11,しょうりのまい
838,1,ぶちかまし
838,9,Headlong Rush
838,11,ぶちかまし
839,1,どくばりセンボン
839,9,Barb Barrage
839,11,どくばりセンボン
840,1,オーラウイング
840,9,Esper Wing
840,11,オーラウイング
841,1,うらみつらみ
841,9,Bitter Malice
841,11,うらみつらみ
842,1,たてこもる
842,9,Shelter
842,11,たてこもる
843,1,３ぼんのや
843,9,Triple Arrows
843,11,３ぼんのや
844,1,ひゃっきやこう
844,9,Infernal Parade
844,11,ひゃっきやこう
845,1,ひけん・ちえなみ
845,9,Ceaseless Edge
845,11,ひけん・ちえなみ
846,1,こがらしあらし
846,9,Bleakwind Storm
846,11,こがらしあらし
847,1,かみなりあらし
847,9,Wildbolt Storm
847,11,かみなりあらし
848,1,ねっさのあらし
848,9,Sandsear Storm
848,11,ねっさのあらし
849,1,みかづきのいのり
849,9,Lunar Blessing
849,11,みかづきのいのり
850,1,ブレイブチャージ
850,9,Take Heart
850,11,ブレイブチャージ
851,1,テラバースト
851,9,Tera Blast
851,11,テラバースト
852,1,スレッドトラップ
852,9,Silk Trap
852,11,スレッドトラップ
853,1,かかとおとし
853,9,Axe Kick
853,11,かかとおとし
854,1,おはかまいり
854,9,Last Respects
854,11,おはかまいり
855,1,ルミナコリジョン
855,9,Lumina Crash
855,11,ルミナコリジョン
856,1,いっちょうあがり
856,9,Order Up
856,11,いっちょうあがり
857,1,ジェットパンチ
857,9,Jet Punch
857,11,ジェットパンチ
858,1,ハバネロエキス
858,9,Spicy Extract
858,11,ハバネロエキス
859,1,ホイールスピン
859,9,Spin Out
859,11,ホイールスピン
860,1,ネズミざん
860,9,Population Bomb
860,11,ネズミざん
861,1,アイススピナー
861,9,Ice Spinner
861,11,アイススピナー
862,1,きょけんとつげき
862,9,Glaive Rush
862,11,きょけんとつげき
863,1,さいきのいのり
863,9,Revival Blessing
863,11,さいきのいのり
864,1,しおづけ
864,9,Salt Cure
864,11,しおづけ
865,1,トリプルダイブ
865,9,Triple Dive
865,11,トリプルダイブ
866,1,キラースピン
866,9,Mortal Spin
866,11,キラースピン
867,1,うつしえ
867,9,Doodle
867,11,うつしえ
868,1,みをけずる
868,9,Fillet Away
868,11,みをけずる
869,1,ドゲザン
869,9,Kowtow Cleave
869,11,ドゲザン
870,1,トリックフラワー
870,9,Flower Trick
870,11,トリックフラワー
871,1,フレアソング
871,9,Torch Song
871,11,フレアソング
872,1,アクアステップ
872,9,Aqua Step
872,11,アクアステップ
873,1,レイジングブル
873,9,Raging Bull
873,11,レイジングブル
874,1,ゴールドラッシュ
874,9,Make It Rain
874,11,ゴールドラッシュ
875,1,サイコブレイド
875,9,Psyblade
875,11,サイコブレイド
876,1,ハイドロスチーム
876,9,Hydro Steam
876,11,ハイドロスチーム
877,1,カタストロフィ
877,9,Ruination
877,11,カタストロフィ
878,1,アクセルブレイク
878,9,Collision Course
878,11,アクセルブレイク
879,1,イナズマドライブ
879,9,Electro Drift
879,11,イナズマドライブ
880,1,しっぽきり
880,9,Shed Tail
880,11,しっぽきり
881,1,さむいギャグ
881,9,Chilly Reception
881,11,さむいギャグ
882,1,おかたづけ
882,9,Tidy Up
882,11,おかたづけ
883,1,ゆきげしき
883,9,Snowscape
883,11,ゆきげしき
884,1,とびつく
884,9,Pounce
884,11,とびつく
885,1,くさわけ
885,9,Trailblaze
885,11,くさわけ
886,1,ひやみず
886,9,Chilling Water
886,11,ひやみず
887,1,ハイパードリル
887,9,Hyper Drill
887,11,ハイパードリル
888,1,ツインビーム
888,9,Twin Beam
888,11,ツインビーム
889,1,ふんどのこぶし
889,9,Rage Fist
889,11,ふんどのこぶし
890,1,アーマーキャノン
890,9,Armor Cannon
890,11,アーマーキャノン
891,1,むねんのつるぎ
891,9,Bitter Blade
891,11,むねんのつるぎ
892,1,でんこうそうげき
892,9,Double Shock
892,11,でんこうそうげき
893,1,デカハンマー
893,9,Gigaton Hammer
893,11,デカハンマー
894,1,ほうふく
894,9,Comeuppance
894,11,ほうふく
895,1,アクアカッター
895,9,Aqua Cutter
895,11,アクアカッター
896,1,バーンアクセル
896,9,Blazing Torque
896,11,バーンアクセル
897,1,ダークアクセル
897,9,Wicked Torque
897,11,ダークアクセル
898,1,ポイズンアクセル
898,9,Noxious Torque
898,11,ポイズンアクセル
899,1,ファイトアクセル
899,9,Combat Torque
899,11,ファイトアクセル
900,1,マジカルアクセル
900,9,Magical Torque
900,11,マジカルアクセル
901,1,ブラッドムーン
901,9,Blood Moon
901,11,ブラッドムーン
902,1,シャカシャカほう
902,9,Matcha Gotcha
902,11,シャカシャカほう
903,1,みずあめボム
903,9,Syrup Bomb
903,11,みずあめボム
904,1,ツタこんぼう
904,9,Ivy Cudgel
904,11,ツタこんぼう
905,1,エレクトロビーム
905,9,Electro Shot
905,11,エレクトロビーム
906,1,テラクラスター
906,9,Tera Starstorm
906,11,テラクラスター
907,1,きまぐレーザー
907,9,Fickle Beam
907,11,きまぐレーザー
908,1,かえんのまもり
908,9,Burning Bulwark
908,11,かえんのまもり
909,1,じんらい
909,9,Thunderclap
909,11,じんらい
910,1,パワフルエッジ
910,9,Mighty Cleave
910,11,パワフルエッジ
911,1,タキオンカッター
911,9,Tachyon Cutter
911,11,タキオンカッター
912,1,ハードプレス
912,9,Hard Press
912,11,ハードプレス
913,1,ドラゴンエール
913,9,Dragon Cheer
913,11,ドラゴンエール
914,1,みわくのボイス
914,9,Alluring Voice
914,11,みわくのボイス
915,1,やけっぱち
915,9,Temper Flare
915,11,やけっぱち
916,1,サンダーダイブ
916,9,Supercell Slam
916,11,サンダーダイブ
917,1,サイコノイズ
917,9,Psychic Noise
917,11,サイコノイズ
918,1,はやてがえし
918,9,Upper Hand
918,11,はやてがえし
919,1,じゃどくのくさり
919,9,Malignant Chain
919,11,じゃどくのくさり
10001,1,ダークラッシュ
10001,9,Shadow Rush
10002,1,ダークブラスト
10002,9,Shadow Blast
10003,1,ダークアタック
10003,9,Shadow Blitz
10004,1,ダークサンダー
10004,9,Shadow Bolt
10005,1,ダークブレイク
10005,9,Shadow Break
10006,1,ダークフリーズ
10006,9,Shadow Chill
10007,1,ダークエンド
10007,9,Shadow End
10008,1,ダークファイア
10008,9,Shadow Fire
10009,1,ダークレイブ
10009,9,Shadow Rave
10010,1,ダークストーム
10010,9,Shadow Storm
10011,1,ダークウェーブ
10011,9,Shadow Wave
10012,1,ダークダウン
10012,9,Shadow Down
10013,1,ダークハーフ
10013,9,Shadow Half
10014,1,ダークホールド
10014,9,Shadow Hold
10015,1,ダークミスト
10015,9,Shadow Mist
10016,1,ダークパニック
10016,9,Shadow Panic
10017,1,ダークリムーブ
10017,9,Shadow Shed
10018,1,ダークウェザー
10018,9,Shadow Sky
