pokemon_species_id,local_language_id,name,genus
1,1,フシギダネ,たねポケモン
1,9,Bulbasaur,Seed Pokémon
1,11,フシギダネ,たねポケモン
2,1,フシギソウ,たねポケモン
2,9,Ivysaur,Seed Pokémon
2,11,フシギソウ,たねポケモン
3,1,フシギバナ,たねポケモン
3,9,Venusaur,Seed Pokémon
3,11,フシギバナ,たねポケモン
4,1,ヒトカゲ,とかげポケモン
4,9,Charmander,Lizard Pokémon
4,11,ヒトカゲ,とかげポケモン
5,1,リザード,かえんポケモン
5,9,Charmeleon,Flame Pokémon
5,11,リザード,かえんポケモン
6,1,リザードン,かえんポケモン
6,9,Charizard,Flame Pokémon
6,11,リザードン,かえんポケモン
7,1,ゼニガメ,かめのこポケモン
7,9,Squirtle,Tiny Turtle Pokémon
7,11,ゼニガメ,かめのこポケモン
8,1,カメール,かめポケモン
8,9,Wartortle,Turtle Pokémon
8,11,カメール,かめポケモン
9,1,カメックス,こうらポケモン
9,9,Blastoise,Shellfish Pokémon
9,11,カメックス,こうらポケモン
10,1,キャタピー,いもむしポケモン
10,9,Caterpie,Worm Pokémon
10,11,キャタピー,いもむしポケモン
11,1,トランセル,さなぎポケモン
11,9,Metapod,Cocoon Pokémon
11,11,トランセル,さなぎポケモン
12,1,バタフリー,ちょうちょポケモン
12,9,Butterfree,Butterfly Pokémon
12,11,バタフリー,ちょうちょポケモン
13,1,ビードル,けむしポケモン
13,9,Weedle,Hairy Bug Pokémon
13,11,ビードル,けむしポケモン
14,1,コクーン,さなぎポケモン
14,9,Kakuna,Cocoon Pokémon
14,11,コクーン,さなぎポケモン
15,1,スピアー,どくばちポケモン
15,9,Beedrill,Poison Bee Pokémon
15,11,スピアー,どくばちポケモン
16,1,ポッポ,ことりポケモン
16,9,Pidgey,Tiny Bird Pokémon
16,11,ポッポ,ことりポケモン
17,1,ピジョン,とりポケモン
17,9,Pidgeotto,Bird Pokémon
17,11,ピジョン,とりポケモン
18,1,ピジョット,とりポケモン
18,9,Pidgeot,Bird Pokémon
18,11,ピジョット,とりポケモン
19,1,コラッタ,ねずみポケモン
19,9,Rattata,Mouse Pokémon
19,11,コラッタ,ねずみポケモン
20,1,ラッタ,ねずみポケモン
20,9,Raticate,Mouse Pokémon
20,11,ラッタ,ねずみポケモン
21,1,オニスズメ,ことりポケモン
21,9,Spearow,Tiny Bird Pokémon
21,11,オニスズメ,ことりポケモン
22,1,オニドリル,くちばしポケモン
22,9,Fearow,Beak Pokémon
22,11,オニドリル,くちばしポケモン
23,1,アーボ,へびポケモン
23,9,Ekans,Snake Pokémon
23,11,アーボ,へびポケモン
24,1,アーボック,コブラポケモン
24,9,Arbok,Cobra Pokémon
24,11,アーボック,コブラポケモン
25,1,ピカチュウ,ねずみポケモン
25,9,Pikachu,Mouse Pokémon
25,11,ピカチュウ,ねずみポケモン
26,1,ライチュウ,ねずみポケモン
26,9,Raichu,Mouse Pokémon
26,11,ライチュウ,ねずみポケモン
27,1,サンド,ねずみポケモン
27,9,Sandshrew,Mouse Pokémon
27,11,サンド,ねずみポケモン
28,1,サンドパン,ねずみポケモン
28,9,Sandslash,Mouse Pokémon
28,11,サンドパン,ねずみポケモン
29,1,ニドラン♀,どくばりポケモン
29,9,Nidoran♀,Poison Pin Pokémon
29,11,ニドラン♀,どくばりポケモン
30,1,ニドリーナ,どくばりポケモン
30,9,Nidorina,Poison Pin Pokémon
30,11,ニドリーナ,どくばりポケモン
31,1,ニドクイン,ドリルポケモン
31,9,Nidoqueen,Drill Pokémon
31,11,ニドクイン,ドリルポケモン
32,1,ニドラン♂,どくばりポケモン
32,9,Nidoran♂,Poison Pin Pokémon
32,11,ニドラン♂,どくばりポケモン
33,1,ニドリーノ,どくばりポケモン
33,9,Nidorino,Poison Pin Pokémon
33,11,ニドリーノ,どくばりポケモン
34,1,ニドキング,ドリルポケモン
34,9,Nidoking,Drill Pokémon
34,11,ニドキング,ドリルポケモン
35,1,ピッピ,ようせいポケモン
35,9,Clefairy,Fairy Pokémon
35,11,ピッピ,ようせいポケモン
36,1,ピクシー,ようせいポケモン
36,9,Clefable,Fairy Pokémon
36,11,ピクシー,ようせいポケモン
37,1,ロコン,きつねポケモン
37,9,Vulpix,Fox Pokémon
37,11,ロコン,きつねポケモン
38,1,キュウコン,きつねポケモン
38,9,Ninetales,Fox Pokémon
38,11,キュウコン,きつねポケモン
39,1,プリン,ふうせんポケモン
39,9,Jigglypuff,Balloon Pokémon
39,11,プリン,ふうせんポケモン
40,1,プクリン,ふうせんポケモン
40,9,Wigglytuff,Balloon Pokémon
40,11,プクリン,ふうせんポケモン
41,1,ズバット,こうもりポケモン
41,9,Zubat,Bat Pokémon
41,11,ズバット,こうもりポケモン
42,1,ゴルバット,こうもりポケモン
42,9,Golbat,Bat Pokémon
42,11,ゴルバット,こうもりポケモン
43,1,ナゾノクサ,ざっそうポケモン
43,9,Oddish,Weed Pokémon
43,11,ナゾノクサ,ざっそうポケモン
44,1,クサイハナ,ざっそうポケモン
44,9,Gloom,Weed Pokémon
44,11,クサイハナ,ざっそうポケモン
45,1,ラフレシア,フラワーポケモン
45,9,Vileplume,Flower Pokémon
45,11,ラフレシア,フラワーポケモン
46,1,パラス,きのこポケモン
46,9,Paras,Mushroom Pokémon
46,11,パラス,きのこポケモン
47,1,パラセクト,きのこポケモン
47,9,Parasect,Mushroom Pokémon
47,11,パラセクト,きのこポケモン
48,1,コンパン,こんちゅうポケモン
48,9,Venonat,Insect Pokémon
48,11,コンパン,こんちゅうポケモン
49,1,モルフォン,どくがポケモン
49,9,Venomoth,Poison Moth Pokémon
49,11,モルフォン,どくがポケモン
50,1,ディグダ,もぐらポケモン
50,9,Diglett,Mole Pokémon
50,11,ディグダ,もぐらポケモン
51,1,ダグトリオ,もぐらポケモン
51,9,Dugtrio,Mole Pokémon
51,11,ダグトリオ,もぐらポケモン
52,1,ニャース,ばけねこポケモン
52,9,Meowth,Scratch Cat Pokémon
52,11,ニャース,ばけねこポケモン
53,1,ペルシアン,シャムネコポケモン
53,9,Persian,Classy Cat Pokémon
53,11,ペルシアン,シャムネコポケモン
54,1,コダック,あひるポケモン
54,9,Psyduck,Duck Pokémon
54,11,コダック,あひるポケモン
55,1,ゴルダック,あひるポケモン
55,9,Golduck,Duck Pokémon
55,11,ゴルダック,あひるポケモン
56,1,マンキー,ぶたざるポケモン
56,9,Mankey,Pig Monkey Pokémon
56,11,マンキー,ぶたざるポケモン
57,1,オコリザル,ぶたざるポケモン
57,9,Primeape,Pig Monkey Pokémon
57,11,オコリザル,ぶたざるポケモン
58,1,ガーディ,こいぬポケモン
58,9,Growlithe,Puppy Pokémon
58,11,ガーディ,こいぬポケモン
59,1,ウインディ,でんせつポケモン
59,9,Arcanine,Legendary Pokémon
59,11,ウインディ,でんせつポケモン
60,1,ニョロモ,おたまポケモン
60,9,Poliwag,Tadpole Pokémon
60,11,ニョロモ,おたまポケモン
61,1,ニョロゾ,おたまポケモン
61,9,Poliwhirl,Tadpole Pokémon
61,11,ニョロゾ,おたまポケモン
62,1,ニョロボン,おたまポケモン
62,9,Poliwrath,Tadpole Pokémon
62,11,ニョロボン,おたまポケモン
63,1,ケーシィ,ねんりきポケモン
63,9,Abra,Psi Pokémon
63,11,ケーシィ,ねんりきポケモン
64,1,ユンゲラー,ねんりきポケモン
64,9,Kadabra,Psi Pokémon
64,11,ユンゲラー,ねんりきポケモン
65,1,フーディン,ねんりきポケモン
65,9,Alakazam,Psi Pokémon
65,11,フーディン,ねんりきポケモン
66,1,ワンリキー,かいりきポケモン
66,9,Machop,Superpower Pokémon
66,11,ワンリキー,かいりきポケモン
67,1,ゴーリキー,かいりきポケモン
67,9,Machoke,Superpower Pokémon
67,11,ゴーリキー,かいりきポケモン
68,1,カイリキー,かいりきポケモン
68,9,Machamp,Superpower Pokémon
68,11,カイリキー,かいりきポケモン
69,1,マダツボミ,フラワーポケモン
69,9,Bellsprout,Flower Pokémon
69,11,マダツボミ,フラワーポケモン
70,1,ウツドン,ハエとりポケモン
70,9,Weepinbell,Flycatcher Pokémon
70,11,ウツドン,ハエとりポケモン
71,1,ウツボット,ハエとりポケモン
71,9,Victreebel,Flycatcher Pokémon
71,11,ウツボット,ハエとりポケモン
72,1,メノクラゲ,くらげポケモン
72,9,Tentacool,Jellyfish Pokémon
72,11,メノクラゲ,くらげポケモン
73,1,ドククラゲ,くらげポケモン
73,9,Tentacruel,Jellyfish Pokémon
73,11,ドククラゲ,くらげポケモン
74,1,イシツブテ,がんせきポケモン
74,9,Geodude,Rock Pokémon
74,11,イシツブテ,がんせきポケモン
75,1,ゴローン,がんせきポケモン
75,9,Graveler,Rock Pokémon
75,11,ゴローン,がんせきポケモン
76,1,ゴローニャ,メガトンポケモン
76,9,Golem,Megaton Pokémon
76,11,ゴローニャ,メガトンポケモン
77,1,ポニータ,ひのうまポケモン
77,9,Ponyta,Fire Horse Pokémon
77,11,ポニータ,ひのうまポケモン
78,1,ギャロップ,ひのうまポケモン
78,9,Rapidash,Fire Horse Pokémon
78,11,ギャロップ,ひのうまポケモン
79,1,ヤドン,まぬけポケモン
79,9,Slowpoke,Dopey Pokémon
79,11,ヤドン,まぬけポケモン
80,1,ヤドラン,やどかりポケモン
80,9,Slowbro,Hermit Crab Pokémon
80,11,ヤドラン,やどかりポケモン
81,1,コイル,じしゃくポケモン
81,9,Magnemite,Magnet Pokémon
81,11,コイル,じしゃくポケモン
82,1,レアコイル,じしゃくポケモン
82,9,Magneton,Magnet Pokémon
82,11,レアコイル,じしゃくポケモン
83,1,カモネギ,かるがもポケモン
83,9,Farfetch’d,Wild Duck Pokémon
83,11,カモネギ,かるがもポケモン
84,1,ドードー,ふたごどりポケモン
84,9,Doduo,Twin Bird Pokémon
84,11,ドードー,ふたごどりポケモン
85,1,ドードリオ,みつごどりポケモン
85,9,Dodrio,Triple Bird Pokémon
85,11,ドードリオ,みつごどりポケモン
86,1,パウワウ,あしかポケモン
86,9,Seel,Sea Lion Pokémon
86,11,パウワウ,あしかポケモン
87,1,ジュゴン,あしかポケモン
87,9,Dewgong,Sea Lion Pokémon
87,11,ジュゴン,あしかポケモン
88,1,ベトベター,ヘドロポケモン
88,9,Grimer,Sludge Pokémon
88,11,ベトベター,ヘドロポケモン
89,1,ベトベトン,ヘドロポケモン
89,9,Muk,Sludge Pokémon
89,11,ベトベトン,ヘドロポケモン
90,1,シェルダー,２まいがいポケモン
90,9,Shellder,Bivalve Pokémon
90,11,シェルダー,２まいがいポケモン
91,1,パルシェン,２まいがいポケモン
91,9,Cloyster,Bivalve Pokémon
91,11,パルシェン,２まいがいポケモン
92,1,ゴース,ガスじょうポケモン
92,9,Gastly,Gas Pokémon
92,11,ゴース,ガスじょうポケモン
93,1,ゴースト,ガスじょうポケモン
93,9,Haunter,Gas Pokémon
93,11,ゴースト,ガスじょうポケモン
94,1,ゲンガー,シャドーポケモン
94,9,Gengar,Shadow Pokémon
94,11,ゲンガー,シャドーポケモン
95,1,イワーク,いわへびポケモン
95,9,Onix,Rock Snake Pokémon
95,11,イワーク,いわへびポケモン
96,1,スリープ,さいみんポケモン
96,9,Drowzee,Hypnosis Pokémon
96,11,スリープ,さいみんポケモン
97,1,スリーパー,さいみんポケモン
97,9,Hypno,Hypnosis Pokémon
97,11,スリーパー,さいみんポケモン
98,1,クラブ,さわがにポケモン
98,9,Krabby,River Crab Pokémon
98,11,クラブ,さわがにポケモン
99,1,キングラー,はさみポケモン
99,9,Kingler,Pincer Pokémon
99,11,キングラー,はさみポケモン
100,1,ビリリダマ,ボールポケモン
100,9,Voltorb,Ball Pokémon
100,11,ビリリダマ,ボールポケモン
101,1,マルマイン,ボールポケモン
101,9,Electrode,Ball Pokémon
101,11,マルマイン,ボールポケモン
102,1,タマタマ,たまごポケモン
102,9,Exeggcute,Egg Pokémon
102,11,タマタマ,たまごポケモン
103,1,ナッシー,やしのみポケモン
103,9,Exeggutor,Coconut Pokémon
103,11,ナッシー,やしのみポケモン
104,1,カラカラ,こどくポケモン
104,9,Cubone,Lonely Pokémon
104,11,カラカラ,こどくポケモン
105,1,ガラガラ,ほねずきポケモン
105,9,Marowak,Bone Keeper Pokémon
105,11,ガラガラ,ほねずきポケモン
106,1,サワムラー,キックポケモン
106,9,Hitmonlee,Kicking Pokémon
106,11,サワムラー,キックポケモン
107,1,エビワラー,パンチポケモン
107,9,Hitmonchan,Punching Pokémon
107,11,エビワラー,パンチポケモン
108,1,ベロリンガ,なめまわしポケモン
108,9,Lickitung,Licking Pokémon
108,11,ベロリンガ,なめまわしポケモン
109,1,ドガース,どくガスポケモン
109,9,Koffing,Poison Gas Pokémon
109,11,ドガース,どくガスポケモン
110,1,マタドガス,どくガスポケモン
110,9,Weezing,Poison Gas Pokémon
110,11,マタドガス,どくガスポケモン
111,1,サイホーン,とげとげポケモン
111,9,Rhyhorn,Spikes Pokémon
111,11,サイホーン,とげとげポケモン
112,1,サイドン,ドリルポケモン
112,9,Rhydon,Drill Pokémon
112,11,サイドン,ドリルポケモン
113,1,ラッキー,たまごポケモン
113,9,Chansey,Egg Pokémon
113,11,ラッキー,たまごポケモン
114,1,モンジャラ,ツルじょうポケモン
114,9,Tangela,Vine Pokémon
114,11,モンジャラ,ツルじょうポケモン
115,1,ガルーラ,おやこポケモン
115,9,Kangaskhan,Parent Pokémon
115,11,ガルーラ,おやこポケモン
116,1,タッツー,ドラゴンポケモン
116,9,Horsea,Dragon Pokémon
116,11,タッツー,ドラゴンポケモン
117,1,シードラ,ドラゴンポケモン
117,9,Seadra,Dragon Pokémon
117,11,シードラ,ドラゴンポケモン
118,1,トサキント,きんぎょポケモン
118,9,Goldeen,Goldfish Pokémon
118,11,トサキント,きんぎょポケモン
119,1,アズマオウ,きんぎょポケモン
119,9,Seaking,Goldfish Pokémon
119,11,アズマオウ,きんぎょポケモン
120,1,ヒトデマン,ほしがたポケモン
120,9,Staryu,Star Shape Pokémon
120,11,ヒトデマン,ほしがたポケモン
121,1,スターミー,なぞのポケモン
121,9,Starmie,Mysterious Pokémon
121,11,スターミー,なぞのポケモン
122,1,バリヤード,バリアーポケモン
122,9,Mr. Mime,Barrier Pokémon
122,11,バリヤード,バリアーポケモン
123,1,ストライク,かまきりポケモン
123,9,Scyther,Mantis Pokémon
123,11,ストライク,かまきりポケモン
124,1,ルージュラ,ひとがたポケモン
124,9,Jynx,Human Shape Pokémon
124,11,ルージュラ,ひとがたポケモン
125,1,エレブー,でんげきポケモン
125,9,Electabuzz,Electric Pokémon
125,11,エレブー,でんげきポケモン
126,1,ブーバー,ひふきポケモン
126,9,Magmar,Spitfire Pokémon
126,11,ブーバー,ひふきポケモン
127,1,カイロス,くわがたポケモン
127,9,Pinsir,Stag Beetle Pokémon
127,11,カイロス,くわがたポケモン
128,1,ケンタロス,あばれうしポケモン
128,9,Tauros,Wild Bull Pokémon
128,11,ケンタロス,あばれうしポケモン
129,1,コイキング,さかなポケモン
129,9,Magikarp,Fish Pokémon
129,11,コイキング,さかなポケモン
130,1,ギャラドス,きょうあくポケモン
130,9,Gyarados,Atrocious Pokémon
130,11,ギャラドス,きょうあくポケモン
131,1,ラプラス,のりものポケモン
131,9,Lapras,Transport Pokémon
131,11,ラプラス,のりものポケモン
132,1,メタモン,へんしんポケモン
132,9,Ditto,Transform Pokémon
132,11,メタモン,へんしんポケモン
133,1,イーブイ,しんかポケモン
133,9,Eevee,Evolution Pokémon
133,11,イーブイ,しんかポケモン
134,1,シャワーズ,あわはきポケモン
134,9,Vaporeon,Bubble Jet Pokémon
134,11,シャワーズ,あわはきポケモン
135,1,サンダース,かみなりポケモン
135,9,Jolteon,Lightning Pokémon
135,11,サンダース,かみなりポケモン
136,1,ブースター,ほのおポケモン
136,9,Flareon,Flame Pokémon
136,11,ブースター,ほのおポケモン
137,1,ポリゴン,バーチャルポケモン
137,9,Porygon,Virtual Pokémon
137,11,ポリゴン,バーチャルポケモン
138,1,オムナイト,うずまきポケモン
138,9,Omanyte,Spiral Pokémon
138,11,オムナイト,うずまきポケモン
139,1,オムスター,うずまきポケモン
139,9,Omastar,Spiral Pokémon
139,11,オムスター,うずまきポケモン
140,1,カブト,こうらポケモン
140,9,Kabuto,Shellfish Pokémon
140,11,カブト,こうらポケモン
141,1,カブトプス,こうらポケモン
141,9,Kabutops,Shellfish Pokémon
141,11,カブトプス,こうらポケモン
142,1,プテラ,かせきポケモン
142,9,Aerodactyl,Fossil Pokémon
142,11,プテラ,かせきポケモン
143,1,カビゴン,いねむりポケモン
143,9,Snorlax,Sleeping Pokémon
143,11,カビゴン,いねむりポケモン
144,1,フリーザー,れいとうポケモン
144,9,Articuno,Freeze Pokémon
144,11,フリーザー,れいとうポケモン
145,1,サンダー,でんげきポケモン
145,9,Zapdos,Electric Pokémon
145,11,サンダー,でんげきポケモン
146,1,ファイヤー,かえんポケモン
146,9,Moltres,Flame Pokémon
146,11,ファイヤー,かえんポケモン
147,1,ミニリュウ,ドラゴンポケモン
147,9,Dratini,Dragon Pokémon
147,11,ミニリュウ,ドラゴンポケモン
148,1,ハクリュー,ドラゴンポケモン
148,9,Dragonair,Dragon Pokémon
148,11,ハクリュー,ドラゴンポケモン
149,1,カイリュー,ドラゴンポケモン
149,9,Dragonite,Dragon Pokémon
149,11,カイリュー,ドラゴンポケモン
150,1,ミュウツー,いでんしポケモン
150,9,Mewtwo,Genetic Pokémon
150,11,ミュウツー,いでんしポケモン
151,1,ミュウ,しんしゅポケモン
151,9,Mew,New Species Pokémon
151,11,ミュウ,しんしゅポケモン
152,1,チコリータ,はっぱポケモン
152,9,Chikorita,Leaf Pokémon
152,11,チコリータ,はっぱポケモン
153,1,ベイリーフ,はっぱポケモン
153,9,Bayleef,Leaf Pokémon
153,11,ベイリーフ,はっぱポケモン
154,1,メガニウム,ハーブポケモン
154,9,Meganium,Herb Pokémon
154,11,メガニウム,ハーブポケモン
155,1,ヒノアラシ,ひねずみポケモン
155,9,Cyndaquil,Fire Mouse Pokémon
155,11,ヒノアラシ,ひねずみポケモン
156,1,マグマラシ,かざんポケモン
156,9,Quilava,Volcano Pokémon
156,11,マグマラシ,かざんポケモン
157,1,バクフーン,かざんポケモン
157,9,Typhlosion,Volcano Pokémon
157,11,バクフーン,かざんポケモン
158,1,ワニノコ,おおあごポケモン
158,9,Totodile,Big Jaw Pokémon
158,11,ワニノコ,おおあごポケモン
159,1,アリゲイツ,おおあごポケモン
159,9,Croconaw,Big Jaw Pokémon
159,11,アリゲイツ,おおあごポケモン
160,1,オーダイル,おおあごポケモン
160,9,Feraligatr,Big Jaw Pokémon
160,11,オーダイル,おおあごポケモン
161,1,オタチ,みはりポケモン
161,9,Sentret,Scout Pokémon
161,11,オタチ,みはりポケモン
162,1,オオタチ,どうながポケモン
162,9,Furret,Long Body Pokémon
162,11,オオタチ,どうながポケモン
163,1,ホーホー,ふくろうポケモン
163,9,Hoothoot,Owl Pokémon
163,11,ホーホー,ふくろうポケモン
164,1,ヨルノズク,ふくろうポケモン
164,9,Noctowl,Owl Pokémon
164,11,ヨルノズク,ふくろうポケモン
165,1,レディバ,いつつぼしポケモン
165,9,Ledyba,Five Star Pokémon
165,11,レディバ,いつつぼしポケモン
166,1,レディアン,いつつぼしポケモン
166,9,Ledian,Five Star Pokémon
166,11,レディアン,いつつぼしポケモン
167,1,イトマル,いとはきポケモン
167,9,Spinarak,String Spit Pokémon
167,11,イトマル,いとはきポケモン
168,1,アリアドス,あしながポケモン
168,9,Ariados,Long Leg Pokémon
168,11,アリアドス,あしながポケモン
169,1,クロバット,こうもりポケモン
169,9,Crobat,Bat Pokémon
169,11,クロバット,こうもりポケモン
170,1,チョンチー,あんこうポケモン
170,9,Chinchou,Angler Pokémon
170,11,チョンチー,あんこうポケモン
171,1,ランターン,ライトポケモン
171,9,Lanturn,Light Pokémon
171,11,ランターン,ライトポケモン
172,1,ピチュー,こねずみポケモン
172,9,Pichu,Tiny Mouse Pokémon
172,11,ピチュー,こねずみポケモン
173,1,ピィ,ほしがたポケモン
173,9,Cleffa,Star Shape Pokémon
173,11,ピィ,ほしがたポケモン
174,1,ププリン,ふうせんポケモン
174,9,Igglybuff,Balloon Pokémon
174,11,ププリン,ふうせんポケモン
175,1,トゲピー,はりたまポケモン
175,9,Togepi,Spike Ball Pokémon
175,11,トゲピー,はりたまポケモン
176,1,トゲチック,しあわせポケモン
176,9,Togetic,Happiness Pokémon
176,11,トゲチック,しあわせポケモン
177,1,ネイティ,ことりポケモン
177,9,Natu,Tiny Bird Pokémon
177,11,ネイティ,ことりポケモン
178,1,ネイティオ,せいれいポケモン
178,9,Xatu,Mystic Pokémon
178,11,ネイティオ,せいれいポケモン
179,1,メリープ,わたげポケモン
179,9,Mareep,Wool Pokémon
179,11,メリープ,わたげポケモン
180,1,モココ,わたげポケモン
180,9,Flaaffy,Wool Pokémon
180,11,モココ,わたげポケモン
181,1,デンリュウ,ライトポケモン
181,9,Ampharos,Light Pokémon
181,11,デンリュウ,ライトポケモン
182,1,キレイハナ,フラワーポケモン
182,9,Bellossom,Flower Pokémon
182,11,キレイハナ,フラワーポケモン
183,1,マリル,みずねずみポケモン
183,9,Marill,Aqua Mouse Pokémon
183,11,マリル,みずねずみポケモン
184,1,マリルリ,みずうさぎポケモン
184,9,Azumarill,Aqua Rabbit Pokémon
184,11,マリルリ,みずうさぎポケモン
185,1,ウソッキー,まねポケモン
185,9,Sudowoodo,Imitation Pokémon
185,11,ウソッキー,まねポケモン
186,1,ニョロトノ,かえるポケモン
186,9,Politoed,Frog Pokémon
186,11,ニョロトノ,かえるポケモン
187,1,ハネッコ,わたくさポケモン
187,9,Hoppip,Cottonweed Pokémon
187,11,ハネッコ,わたくさポケモン
188,1,ポポッコ,わたくさポケモン
188,9,Skiploom,Cottonweed Pokémon
188,11,ポポッコ,わたくさポケモン
189,1,ワタッコ,わたくさポケモン
189,9,Jumpluff,Cottonweed Pokémon
189,11,ワタッコ,わたくさポケモン
190,1,エイパム,おながポケモン
190,9,Aipom,Long Tail Pokémon
190,11,エイパム,おながポケモン
191,1,ヒマナッツ,たねポケモン
191,9,Sunkern,Seed Pokémon
191,11,ヒマナッツ,たねポケモン
192,1,キマワリ,たいようポケモン
192,9,Sunflora,Sun Pokémon
192,11,キマワリ,たいようポケモン
193,1,ヤンヤンマ,うすばねポケモン
193,9,Yanma,Clear Wing Pokémon
193,11,ヤンヤンマ,うすばねポケモン
194,1,ウパー,みずうおポケモン
194,9,Wooper,Water Fish Pokémon
194,11,ウパー,みずうおポケモン
195,1,ヌオー,みずうおポケモン
195,9,Quagsire,Water Fish Pokémon
195,11,ヌオー,みずうおポケモン
196,1,エーフィ,たいようポケモン
196,9,Espeon,Sun Pokémon
196,11,エーフィ,たいようポケモン
197,1,ブラッキー,げっこうポケモン
197,9,Umbreon,Moonlight Pokémon
197,11,ブラッキー,げっこうポケモン
198,1,ヤミカラス,くらやみポケモン
198,9,Murkrow,Darkness Pokémon
198,11,ヤミカラス,くらやみポケモン
199,1,ヤドキング,おうじゃポケモン
199,9,Slowking,Royal Pokémon
199,11,ヤドキング,おうじゃポケモン
200,1,ムウマ,よなきポケモン
200,9,Misdreavus,Screech Pokémon
200,11,ムウマ,よなきポケモン
201,1,アンノーン,シンボルポケモン
201,9,Unown,Symbol Pokémon
201,11,アンノーン,シンボルポケモン
202,1,ソーナンス,がまんポケモン
202,9,Wobbuffet,Patient Pokémon
202,11,ソーナンス,がまんポケモン
203,1,キリンリキ,くびながポケモン
203,9,Girafarig,Long Neck Pokémon
203,11,キリンリキ,くびながポケモン
204,1,クヌギダマ,みのむしポケモン
204,9,Pineco,Bagworm Pokémon
204,11,クヌギダマ,みのむしポケモン
205,1,フォレトス,みのむしポケモン
205,9,Forretress,Bagworm Pokémon
205,11,フォレトス,みのむしポケモン
206,1,ノコッチ,つちへびポケモン
206,9,Dunsparce,Land Snake Pokémon
206,11,ノコッチ,つちへびポケモン
207,1,グライガー,とびさそりポケモン
207,9,Gligar,Fly Scorpion Pokémon
207,11,グライガー,とびさそりポケモン
208,1,ハガネール,てつへびポケモン
208,9,Steelix,Iron Snake Pokémon
208,11,ハガネール,てつへびポケモン
209,1,ブルー,ようせいポケモン
209,9,Snubbull,Fairy Pokémon
209,11,ブルー,ようせいポケモン
210,1,グランブル,ようせいポケモン
210,9,Granbull,Fairy Pokémon
210,11,グランブル,ようせいポケモン
211,1,ハリーセン,ふうせんポケモン
211,9,Qwilfish,Balloon Pokémon
211,11,ハリーセン,ふうせんポケモン
212,1,ハッサム,はさみポケモン
212,9,Scizor,Pincer Pokémon
212,11,ハッサム,はさみポケモン
213,1,ツボツボ,はっこうポケモン
213,9,Shuckle,Mold Pokémon
213,11,ツボツボ,はっこうポケモン
214,1,ヘラクロス,１ぽんヅノポケモン
214,9,Heracross,Single Horn Pokémon
214,11,ヘラクロス,１ぽんヅノポケモン
215,1,ニューラ,かぎづめポケモン
215,9,Sneasel,Sharp Claw Pokémon
215,11,ニューラ,かぎづめポケモン
216,1,ヒメグマ,こぐまポケモン
216,9,Teddiursa,Little Bear Pokémon
216,11,ヒメグマ,こぐまポケモン
217,1,リングマ,とうみんポケモン
217,9,Ursaring,Hibernator Pokémon
217,11,リングマ,とうみんポケモン
218,1,マグマッグ,ようがんポケモン
218,9,Slugma,Lava Pokémon
218,11,マグマッグ,ようがんポケモン
219,1,マグカルゴ,ようがんポケモン
219,9,Magcargo,Lava Pokémon
219,11,マグカルゴ,ようがんポケモン
220,1,ウリムー,いのぶたポケモン
220,9,Swinub,Pig Pokémon
220,11,ウリムー,いのぶたポケモン
221,1,イノムー,いのししポケモン
221,9,Piloswine,Swine Pokémon
221,11,イノムー,いのししポケモン
222,1,サニーゴ,さんごポケモン
222,9,Corsola,Coral Pokémon
222,11,サニーゴ,さんごポケモン
223,1,テッポウオ,ふんしゃポケモン
223,9,Remoraid,Jet Pokémon
223,11,テッポウオ,ふんしゃポケモン
224,1,オクタン,ふんしゃポケモン
224,9,Octillery,Jet Pokémon
224,11,オクタン,ふんしゃポケモン
225,1,デリバード,はこびやポケモン
225,9,Delibird,Delivery Pokémon
225,11,デリバード,はこびやポケモン
226,1,マンタイン,カイトポケモン
226,9,Mantine,Kite Pokémon
226,11,マンタイン,カイトポケモン
227,1,エアームド,よろいどりポケモン
227,9,Skarmory,Armor Bird Pokémon
227,11,エアームド,よろいどりポケモン
228,1,デルビル,ダークポケモン
228,9,Houndour,Dark Pokémon
228,11,デルビル,ダークポケモン
229,1,ヘルガー,ダークポケモン
229,9,Houndoom,Dark Pokémon
229,11,ヘルガー,ダークポケモン
230,1,キングドラ,ドラゴンポケモン
230,9,Kingdra,Dragon Pokémon
230,11,キングドラ,ドラゴンポケモン
231,1,ゴマゾウ,ながはなポケモン
231,9,Phanpy,Long Nose Pokémon
231,11,ゴマゾウ,ながはなポケモン
232,1,ドンファン,よろいポケモン
232,9,Donphan,Armor Pokémon
232,11,ドンファン,よろいポケモン
233,1,ポリゴン２,バーチャルポケモン
233,9,Porygon2,Virtual Pokémon
233,11,ポリゴン２,バーチャルポケモン
234,1,オドシシ,おおツノポケモン
234,9,Stantler,Big Horn Pokémon
234,11,オドシシ,おおツノポケモン
235,1,ドーブル,えかきポケモン
235,9,Smeargle,Painter Pokémon
235,11,ドーブル,えかきポケモン
236,1,バルキー,けんかポケモン
236,9,Tyrogue,Scuffle Pokémon
236,11,バルキー,けんかポケモン
237,1,カポエラー,さかだちポケモン
237,9,Hitmontop,Handstand Pokémon
237,11,カポエラー,さかだちポケモン
238,1,ムチュール,くちづけポケモン
238,9,Smoochum,Kiss Pokémon
238,11,ムチュール,くちづけポケモン
239,1,エレキッド,でんきポケモン
239,9,Elekid,Electric Pokémon
239,11,エレキッド,でんきポケモン
240,1,ブビィ,ひだねポケモン
240,9,Magby,Live Coal Pokémon
240,11,ブビィ,ひだねポケモン
241,1,ミルタンク,ちちうしポケモン
241,9,Miltank,Milk Cow Pokémon
241,11,ミルタンク,ちちうしポケモン
242,1,ハピナス,しあわせポケモン
242,9,Blissey,Happiness Pokémon
242,11,ハピナス,しあわせポケモン
243,1,ライコウ,いかずちポケモン
243,9,Raikou,Thunder Pokémon
243,11,ライコウ,いかずちポケモン
244,1,エンテイ,かざんポケモン
244,9,Entei,Volcano Pokémon
244,11,エンテイ,かざんポケモン
245,1,スイクン,オーロラポケモン
245,9,Suicune,Aurora Pokémon
245,11,スイクン,オーロラポケモン
246,1,ヨーギラス,いわはだポケモン
246,9,Larvitar,Rock Skin Pokémon
246,11,ヨーギラス,いわはだポケモン
247,1,サナギラス,だんがんポケモン
247,9,Pupitar,Hard Shell Pokémon
247,11,サナギラス,だんがんポケモン
248,1,バンギラス,よろいポケモン
248,9,Tyranitar,Armor Pokémon
248,11,バンギラス,よろいポケモン
249,1,ルギア,せんすいポケモン
249,9,Lugia,Diving Pokémon
249,11,ルギア,せんすいポケモン
250,1,ホウオウ,にじいろポケモン
250,9,Ho-Oh,Rainbow Pokémon
250,11,ホウオウ,にじいろポケモン
251,1,セレビィ,ときわたりポケモン
251,9,Celebi,Time Travel Pokémon
251,11,セレビィ,ときわたりポケモン
252,1,キモリ,もりトカゲポケモン
252,9,Treecko,Wood Gecko Pokémon
252,11,キモリ,もりトカゲポケモン
253,1,ジュプトル,もりトカゲポケモン
253,9,Grovyle,Wood Gecko Pokémon
253,11,ジュプトル,もりトカゲポケモン
254,1,ジュカイン,みつりんポケモン
254,9,Sceptile,Forest Pokémon
254,11,ジュカイン,みつりんポケモン
255,1,アチャモ,ひよこポケモン
255,9,Torchic,Chick Pokémon
255,11,アチャモ,ひよこポケモン
256,1,ワカシャモ,わかどりポケモン
256,9,Combusken,Young Fowl Pokémon
256,11,ワカシャモ,わかどりポケモン
257,1,バシャーモ,もうかポケモン
257,9,Blaziken,Blaze Pokémon
257,11,バシャーモ,もうかポケモン
258,1,ミズゴロウ,ぬまうおポケモン
258,9,Mudkip,Mud Fish Pokémon
258,11,ミズゴロウ,ぬまうおポケモン
259,1,ヌマクロー,ぬまうおポケモン
259,9,Marshtomp,Mud Fish Pokémon
259,11,ヌマクロー,ぬまうおポケモン
260,1,ラグラージ,ぬまうおポケモン
260,9,Swampert,Mud Fish Pokémon
260,11,ラグラージ,ぬまうおポケモン
261,1,ポチエナ,かみつきポケモン
261,9,Poochyena,Bite Pokémon
261,11,ポチエナ,かみつきポケモン
262,1,グラエナ,かみつきポケモン
262,9,Mightyena,Bite Pokémon
262,11,グラエナ,かみつきポケモン
263,1,ジグザグマ,まめだぬきポケモン
263,9,Zigzagoon,Tiny Raccoon Pokémon
263,11,ジグザグマ,まめだぬきポケモン
264,1,マッスグマ,とっしんポケモン
264,9,Linoone,Rushing Pokémon
264,11,マッスグマ,とっしんポケモン
265,1,ケムッソ,いもむしポケモン
265,9,Wurmple,Worm Pokémon
265,11,ケムッソ,いもむしポケモン
266,1,カラサリス,さなぎポケモン
266,9,Silcoon,Cocoon Pokémon
266,11,カラサリス,さなぎポケモン
267,1,アゲハント,ちょうちょポケモン
267,9,Beautifly,Butterfly Pokémon
267,11,アゲハント,ちょうちょポケモン
268,1,マユルド,さなぎポケモン
268,9,Cascoon,Cocoon Pokémon
268,11,マユルド,さなぎポケモン
269,1,ドクケイル,どくがポケモン
269,9,Dustox,Poison Moth Pokémon
269,11,ドクケイル,どくがポケモン
270,1,ハスボー,うきくさポケモン
270,9,Lotad,Water Weed Pokémon
270,11,ハスボー,うきくさポケモン
271,1,ハスブレロ,ようきポケモン
271,9,Lombre,Jolly Pokémon
271,11,ハスブレロ,ようきポケモン
272,1,ルンパッパ,のうてんきポケモン
272,9,Ludicolo,Carefree Pokémon
272,11,ルンパッパ,のうてんきポケモン
273,1,タネボー,どんぐりポケモン
273,9,Seedot,Acorn Pokémon
273,11,タネボー,どんぐりポケモン
274,1,コノハナ,いじわるポケモン
274,9,Nuzleaf,Wily Pokémon
274,11,コノハナ,いじわるポケモン
275,1,ダーテング,よこしまポケモン
275,9,Shiftry,Wicked Pokémon
275,11,ダーテング,よこしまポケモン
276,1,スバメ,こツバメポケモン
276,9,Taillow,Tiny Swallow Pokémon
276,11,スバメ,こツバメポケモン
277,1,オオスバメ,ツバメポケモン
277,9,Swellow,Swallow Pokémon
277,11,オオスバメ,ツバメポケモン
278,1,キャモメ,うみねこポケモン
278,9,Wingull,Seagull Pokémon
278,11,キャモメ,うみねこポケモン
279,1,ペリッパー,みずどりポケモン
279,9,Pelipper,Water Bird Pokémon
279,11,ペリッパー,みずどりポケモン
280,1,ラルトス,きもちポケモン
280,9,Ralts,Feeling Pokémon
280,11,ラルトス,きもちポケモン
281,1,キルリア,かんじょうポケモン
281,9,Kirlia,Emotion Pokémon
281,11,キルリア,かんじょうポケモン
282,1,サーナイト,ほうようポケモン
282,9,Gardevoir,Embrace Pokémon
282,11,サーナイト,ほうようポケモン
283,1,アメタマ,あめんぼポケモン
283,9,Surskit,Pond Skater Pokémon
283,11,アメタマ,あめんぼポケモン
284,1,アメモース,めだまポケモン
284,9,Masquerain,Eyeball Pokémon
284,11,アメモース,めだまポケモン
285,1,キノココ,きのこポケモン
285,9,Shroomish,Mushroom Pokémon
285,11,キノココ,きのこポケモン
286,1,キノガッサ,きのこポケモン
286,9,Breloom,Mushroom Pokémon
286,11,キノガッサ,きのこポケモン
287,1,ナマケロ,なまけものポケモン
287,9,Slakoth,Slacker Pokémon
287,11,ナマケロ,なまけものポケモン
288,1,ヤルキモノ,あばれザルポケモン
288,9,Vigoroth,Wild Monkey Pokémon
288,11,ヤルキモノ,あばれザルポケモン
289,1,ケッキング,ものぐさポケモン
289,9,Slaking,Lazy Pokémon
289,11,ケッキング,ものぐさポケモン
290,1,ツチニン,したづみポケモン
290,9,Nincada,Trainee Pokémon
290,11,ツチニン,したづみポケモン
291,1,テッカニン,しのびポケモン
291,9,Ninjask,Ninja Pokémon
291,11,テッカニン,しのびポケモン
292,1,ヌケニン,ぬけがらポケモン
292,9,Shedinja,Shed Pokémon
292,11,ヌケニン,ぬけがらポケモン
293,1,ゴニョニョ,ささやきポケモン
293,9,Whismur,Whisper Pokémon
293,11,ゴニョニョ,ささやきポケモン
294,1,ドゴーム,おおごえポケモン
294,9,Loudred,Big Voice Pokémon
294,11,ドゴーム,おおごえポケモン
295,1,バクオング,そうおんポケモン
295,9,Exploud,Loud Noise Pokémon
295,11,バクオング,そうおんポケモン
296,1,マクノシタ,こんじょうポケモン
296,9,Makuhita,Guts Pokémon
296,11,マクノシタ,こんじょうポケモン
297,1,ハリテヤマ,つっぱりポケモン
297,9,Hariyama,Arm Thrust Pokémon
297,11,ハリテヤマ,つっぱりポケモン
298,1,ルリリ,みずたまポケモン
298,9,Azurill,Polka Dot Pokémon
298,11,ルリリ,みずたまポケモン
299,1,ノズパス,コンパスポケモン
299,9,Nosepass,Compass Pokémon
299,11,ノズパス,コンパスポケモン
300,1,エネコ,こねこポケモン
300,9,Skitty,Kitten Pokémon
300,11,エネコ,こねこポケモン
301,1,エネコロロ,おすましポケモン
301,9,Delcatty,Prim Pokémon
301,11,エネコロロ,おすましポケモン
302,1,ヤミラミ,くらやみポケモン
302,9,Sableye,Darkness Pokémon
302,11,ヤミラミ,くらやみポケモン
303,1,クチート,あざむきポケモン
303,9,Mawile,Deceiver Pokémon
303,11,クチート,あざむきポケモン
304,1,ココドラ,てつヨロイポケモン
304,9,Aron,Iron Armor Pokémon
304,11,ココドラ,てつヨロイポケモン
305,1,コドラ,てつヨロイポケモン
305,9,Lairon,Iron Armor Pokémon
305,11,コドラ,てつヨロイポケモン
306,1,ボスゴドラ,てつヨロイポケモン
306,9,Aggron,Iron Armor Pokémon
306,11,ボスゴドラ,てつヨロイポケモン
307,1,アサナン,めいそうポケモン
307,9,Meditite,Meditate Pokémon
307,11,アサナン,めいそうポケモン
308,1,チャーレム,めいそうポケモン
308,9,Medicham,Meditate Pokémon
308,11,チャーレム,めいそうポケモン
309,1,ラクライ,いなずまポケモン
309,9,Electrike,Lightning Pokémon
309,11,ラクライ,いなずまポケモン
310,1,ライボルト,ほうでんポケモン
310,9,Manectric,Discharge Pokémon
310,11,ライボルト,ほうでんポケモン
311,1,プラスル,おうえんポケモン
311,9,Plusle,Cheering Pokémon
311,11,プラスル,おうえんポケモン
312,1,マイナン,おうえんポケモン
312,9,Minun,Cheering Pokémon
312,11,マイナン,おうえんポケモン
313,1,バルビート,ほたるポケモン
313,9,Volbeat,Firefly Pokémon
313,11,バルビート,ほたるポケモン
314,1,イルミーゼ,ほたるポケモン
314,9,Illumise,Firefly Pokémon
314,11,イルミーゼ,ほたるポケモン
315,1,ロゼリア,いばらポケモン
315,9,Roselia,Thorn Pokémon
315,11,ロゼリア,いばらポケモン
316,1,ゴクリン,いぶくろポケモン
316,9,Gulpin,Stomach Pokémon
316,11,ゴクリン,いぶくろポケモン
317,1,マルノーム,どくぶくろポケモン
317,9,Swalot,Poison Bag Pokémon
317,11,マルノーム,どくぶくろポケモン
318,1,キバニア,どうもうポケモン
318,9,Carvanha,Savage Pokémon
318,11,キバニア,どうもうポケモン
319,1,サメハダー,きょうぼうポケモン
319,9,Sharpedo,Brutal Pokémon
319,11,サメハダー,きょうぼうポケモン
320,1,ホエルコ,たまくじらポケモン
320,9,Wailmer,Ball Whale Pokémon
320,11,ホエルコ,たまくじらポケモン
321,1,ホエルオー,うきくじらポケモン
321,9,Wailord,Float Whale Pokémon
321,11,ホエルオー,うきくじらポケモン
322,1,ドンメル,どんかんポケモン
322,9,Numel,Numb Pokémon
322,11,ドンメル,どんかんポケモン
323,1,バクーダ,ふんかポケモン
323,9,Camerupt,Eruption Pokémon
323,11,バクーダ,ふんかポケモン
324,1,コータス,せきたんポケモン
324,9,Torkoal,Coal Pokémon
324,11,コータス,せきたんポケモン
325,1,バネブー,とびはねポケモン
325,9,Spoink,Bounce Pokémon
325,11,バネブー,とびはねポケモン
326,1,ブーピッグ,あやつりポケモン
326,9,Grumpig,Manipulate Pokémon
326,11,ブーピッグ,あやつりポケモン
327,1,パッチール,ぶちパンダポケモン
327,9,Spinda,Spot Panda Pokémon
327,11,パッチール,ぶちパンダポケモン
328,1,ナックラー,ありじごくポケモン
328,9,Trapinch,Ant Pit Pokémon
328,11,ナックラー,ありじごくポケモン
329,1,ビブラーバ,しんどうポケモン
329,9,Vibrava,Vibration Pokémon
329,11,ビブラーバ,しんどうポケモン
330,1,フライゴン,せいれいポケモン
330,9,Flygon,Mystic Pokémon
330,11,フライゴン,せいれいポケモン
331,1,サボネア,サボテンポケモン
331,9,Cacnea,Cactus Pokémon
331,11,サボネア,サボテンポケモン
332,1,ノクタス,カカシぐさポケモン
332,9,Cacturne,Scarecrow Pokémon
332,11,ノクタス,カカシぐさポケモン
333,1,チルット,わたどりポケモン
333,9,Swablu,Cotton Bird Pokémon
333,11,チルット,わたどりポケモン
334,1,チルタリス,ハミングポケモン
334,9,Altaria,Humming Pokémon
334,11,チルタリス,ハミングポケモン
335,1,ザングース,ネコイタチポケモン
335,9,Zangoose,Cat Ferret Pokémon
335,11,ザングース,ネコイタチポケモン
336,1,ハブネーク,キバへびポケモン
336,9,Seviper,Fang Snake Pokémon
336,11,ハブネーク,キバへびポケモン
337,1,ルナトーン,いんせきポケモン
337,9,Lunatone,Meteorite Pokémon
337,11,ルナトーン,いんせきポケモン
338,1,ソルロック,いんせきポケモン
338,9,Solrock,Meteorite Pokémon
338,11,ソルロック,いんせきポケモン
339,1,ドジョッチ,ひげうおポケモン
339,9,Barboach,Whiskers Pokémon
339,11,ドジョッチ,ひげうおポケモン
340,1,ナマズン,ひげうおポケモン
340,9,Whiscash,Whiskers Pokémon
340,11,ナマズン,ひげうおポケモン
341,1,ヘイガニ,ごろつきポケモン
341,9,Corphish,Ruffian Pokémon
341,11,ヘイガニ,ごろつきポケモン
342,1,シザリガー,ならずものポケモン
342,9,Crawdaunt,Rogue Pokémon
342,11,シザリガー,ならずものポケモン
343,1,ヤジロン,どぐうポケモン
343,9,Baltoy,Clay Doll Pokémon
343,11,ヤジロン,どぐうポケモン
344,1,ネンドール,どぐうポケモン
344,9,Claydol,Clay Doll Pokémon
344,11,ネンドール,どぐうポケモン
345,1,リリーラ,ウミユリポケモン
345,9,Lileep,Sea Lily Pokémon
345,11,リリーラ,ウミユリポケモン
346,1,ユレイドル,いわつぼポケモン
346,9,Cradily,Barnacle Pokémon
346,11,ユレイドル,いわつぼポケモン
347,1,アノプス,むかしエビポケモン
347,9,Anorith,Old Shrimp Pokémon
347,11,アノプス,むかしエビポケモン
348,1,アーマルド,かっちゅうポケモン
348,9,Armaldo,Plate Pokémon
348,11,アーマルド,かっちゅうポケモン
349,1,ヒンバス,さかなポケモン
349,9,Feebas,Fish Pokémon
349,11,ヒンバス,さかなポケモン
350,1,ミロカロス,いつくしみポケモン
350,9,Milotic,Tender Pokémon
350,11,ミロカロス,いつくしみポケモン
351,1,ポワルン,てんきポケモン
351,9,Castform,Weather Pokémon
351,11,ポワルン,てんきポケモン
352,1,カクレオン,いろへんげポケモン
352,9,Kecleon,Color Swap Pokémon
352,11,カクレオン,いろへんげポケモン
353,1,カゲボウズ,にんぎょうポケモン
353,9,Shuppet,Puppet Pokémon
353,11,カゲボウズ,にんぎょうポケモン
354,1,ジュペッタ,ぬいぐるみポケモン
354,9,Banette,Marionette Pokémon
354,11,ジュペッタ,ぬいぐるみポケモン
355,1,ヨマワル,おむかえポケモン
355,9,Duskull,Requiem Pokémon
355,11,ヨマワル,おむかえポケモン
356,1,サマヨール,てまねきポケモン
356,9,Dusclops,Beckon Pokémon
356,11,サマヨール,てまねきポケモン
357,1,トロピウス,フルーツポケモン
357,9,Tropius,Fruit Pokémon
357,11,トロピウス,フルーツポケモン
358,1,チリーン,ふうりんポケモン
358,9,Chimecho,Wind Chime Pokémon
358,11,チリーン,ふうりんポケモン
359,1,アブソル,わざわいポケモン
359,9,Absol,Disaster Pokémon
359,11,アブソル,わざわいポケモン
360,1,ソーナノ,ほがらかポケモン
360,9,Wynaut,Bright Pokémon
360,11,ソーナノ,ほがらかポケモン
361,1,ユキワラシ,ゆきかさポケモン
361,9,Snorunt,Snow Hat Pokémon
361,11,ユキワラシ,ゆきかさポケモン
362,1,オニゴーリ,がんめんポケモン
362,9,Glalie,Face Pokémon
362,11,オニゴーリ,がんめんポケモン
363,1,タマザラシ,てたたきポケモン
363,9,Spheal,Clap Pokémon
363,11,タマザラシ,てたたきポケモン
364,1,トドグラー,たままわしポケモン
364,9,Sealeo,Ball Roll Pokémon
364,11,トドグラー,たままわしポケモン
365,1,トドゼルガ,こおりわりポケモン
365,9,Walrein,Ice Break Pokémon
365,11,トドゼルガ,こおりわりポケモン
366,1,パールル,２まいがいポケモン
366,9,Clamperl,Bivalve Pokémon
366,11,パールル,２まいがいポケモン
367,1,ハンテール,しんかいポケモン
367,9,Huntail,Deep Sea Pokémon
367,11,ハンテール,しんかいポケモン
368,1,サクラビス,なんかいポケモン
368,9,Gorebyss,South Sea Pokémon
368,11,サクラビス,なんかいポケモン
369,1,ジーランス,ちょうじゅポケモン
369,9,Relicanth,Longevity Pokémon
369,11,ジーランス,ちょうじゅポケモン
370,1,ラブカス,ランデブーポケモン
370,9,Luvdisc,Rendezvous Pokémon
370,11,ラブカス,ランデブーポケモン
371,1,タツベイ,いしあたまポケモン
371,9,Bagon,Rock Head Pokémon
371,11,タツベイ,いしあたまポケモン
372,1,コモルー,にんたいポケモン
372,9,Shelgon,Endurance Pokémon
372,11,コモルー,にんたいポケモン
373,1,ボーマンダ,ドラゴンポケモン
373,9,Salamence,Dragon Pokémon
373,11,ボーマンダ,ドラゴンポケモン
374,1,ダンバル,てっきゅうポケモン
374,9,Beldum,Iron Ball Pokémon
374,11,ダンバル,てっきゅうポケモン
375,1,メタング,てつツメポケモン
375,9,Metang,Iron Claw Pokémon
375,11,メタング,てつツメポケモン
376,1,メタグロス,てつあしポケモン
376,9,Metagross,Iron Leg Pokémon
376,11,メタグロス,てつあしポケモン
377,1,レジロック,いわやまポケモン
377,9,Regirock,Rock Peak Pokémon
377,11,レジロック,いわやまポケモン
378,1,レジアイス,ひょうざんポケモン
378,9,Regice,Iceberg Pokémon
378,11,レジアイス,ひょうざんポケモン
379,1,レジスチル,くろがねポケモン
379,9,Registeel,Iron Pokémon
379,11,レジスチル,くろがねポケモン
380,1,ラティアス,むげんポケモン
380,9,Latias,Eon Pokémon
380,11,ラティアス,むげんポケモン
381,1,ラティオス,むげんポケモン
381,9,Latios,Eon Pokémon
381,11,ラティオス,むげんポケモン
382,1,カイオーガ,かいていポケモン
382,9,Kyogre,Sea Basin Pokémon
382,11,カイオーガ,かいていポケモン
383,1,グラードン,たいりくポケモン
383,9,Groudon,Continent Pokémon
383,11,グラードン,たいりくポケモン
384,1,レックウザ,てんくうポケモン
384,9,Rayquaza,Sky High Pokémon
384,11,レックウザ,てんくうポケモン
385,1,ジラーチ,ねがいごとポケモン
385,9,Jirachi,Wish Pokémon
385,11,ジラーチ,ねがいごとポケモン
386,1,デオキシス,ＤＮＡポケモン
386,9,Deoxys,DNA Pokémon
386,11,デオキシス,ＤＮＡポケモン
387,1,ナエトル,わかばポケモン
387,9,Turtwig,Tiny Leaf Pokémon
387,11,ナエトル,わかばポケモン
388,1,ハヤシガメ,こだちポケモン
388,9,Grotle,Grove Pokémon
388,11,ハヤシガメ,こだちポケモン
389,1,ドダイトス,たいりくポケモン
389,9,Torterra,Continent Pokémon
389,11,ドダイトス,たいりくポケモン
390,1,ヒコザル,こざるポケモン
390,9,Chimchar,Chimp Pokémon
390,11,ヒコザル,こざるポケモン
391,1,モウカザル,やんちゃポケモン
391,9,Monferno,Playful Pokémon
391,11,モウカザル,やんちゃポケモン
392,1,ゴウカザル,かえんポケモン
392,9,Infernape,Flame Pokémon
392,11,ゴウカザル,かえんポケモン
393,1,ポッチャマ,ペンギンポケモン
393,9,Piplup,Penguin Pokémon
393,11,ポッチャマ,ペンギンポケモン
394,1,ポッタイシ,ペンギンポケモン
394,9,Prinplup,Penguin Pokémon
394,11,ポッタイシ,ペンギンポケモン
395,1,エンペルト,こうていポケモン
395,9,Empoleon,Emperor Pokémon
395,11,エンペルト,こうていポケモン
396,1,ムックル,むくどりポケモン
396,9,Starly,Starling Pokémon
396,11,ムックル,むくどりポケモン
397,1,ムクバード,むくどりポケモン
397,9,Staravia,Starling Pokémon
397,11,ムクバード,むくどりポケモン
398,1,ムクホーク,もうきんポケモン
398,9,Staraptor,Predator Pokémon
398,11,ムクホーク,もうきんポケモン
399,1,ビッパ,まるねずみポケモン
399,9,Bidoof,Plump Mouse Pokémon
399,11,ビッパ,まるねずみポケモン
400,1,ビーダル,ビーバーポケモン
400,9,Bibarel,Beaver Pokémon
400,11,ビーダル,ビーバーポケモン
401,1,コロボーシ,こおろぎポケモン
401,9,Kricketot,Cricket Pokémon
401,11,コロボーシ,こおろぎポケモン
402,1,コロトック,こおろぎポケモン
402,9,Kricketune,Cricket Pokémon
402,11,コロトック,こおろぎポケモン
403,1,コリンク,せんこうポケモン
403,9,Shinx,Flash Pokémon
403,11,コリンク,せんこうポケモン
404,1,ルクシオ,でんこうポケモン
404,9,Luxio,Spark Pokémon
404,11,ルクシオ,でんこうポケモン
405,1,レントラー,がんこうポケモン
405,9,Luxray,Gleam Eyes Pokémon
405,11,レントラー,がんこうポケモン
406,1,スボミー,つぼみポケモン
406,9,Budew,Bud Pokémon
406,11,スボミー,つぼみポケモン
407,1,ロズレイド,ブーケポケモン
407,9,Roserade,Bouquet Pokémon
407,11,ロズレイド,ブーケポケモン
408,1,ズガイドス,ずつきポケモン
408,9,Cranidos,Head Butt Pokémon
408,11,ズガイドス,ずつきポケモン
409,1,ラムパルド,ずつきポケモン
409,9,Rampardos,Head Butt Pokémon
409,11,ラムパルド,ずつきポケモン
410,1,タテトプス,シールドポケモン
410,9,Shieldon,Shield Pokémon
410,11,タテトプス,シールドポケモン
411,1,トリデプス,シールドポケモン
411,9,Bastiodon,Shield Pokémon
411,11,トリデプス,シールドポケモン
412,1,ミノムッチ,みのむしポケモン
412,9,Burmy,Bagworm Pokémon
412,11,ミノムッチ,みのむしポケモン
413,1,ミノマダム,みのむしポケモン
413,9,Wormadam,Bagworm Pokémon
413,11,ミノマダム,みのむしポケモン
414,1,ガーメイル,ミノガポケモン
414,9,Mothim,Moth Pokémon
414,11,ガーメイル,ミノガポケモン
415,1,ミツハニー,はちのこポケモン
415,9,Combee,Tiny Bee Pokémon
415,11,ミツハニー,はちのこポケモン
416,1,ビークイン,はちのすポケモン
416,9,Vespiquen,Beehive Pokémon
416,11,ビークイン,はちのすポケモン
417,1,パチリス,でんきりすポケモン
417,9,Pachirisu,EleSquirrel Pokémon
417,11,パチリス,でんきりすポケモン
418,1,ブイゼル,うみイタチポケモン
418,9,Buizel,Sea Weasel Pokémon
418,11,ブイゼル,うみイタチポケモン
419,1,フローゼル,うみイタチポケモン
419,9,Floatzel,Sea Weasel Pokémon
419,11,フローゼル,うみイタチポケモン
420,1,チェリンボ,さくらんぼポケモン
420,9,Cherubi,Cherry Pokémon
420,11,チェリンボ,さくらんぼポケモン
421,1,チェリム,サクラポケモン
421,9,Cherrim,Blossom Pokémon
421,11,チェリム,サクラポケモン
422,1,カラナクシ,ウミウシポケモン
422,9,Shellos,Sea Slug Pokémon
422,11,カラナクシ,ウミウシポケモン
423,1,トリトドン,ウミウシポケモン
423,9,Gastrodon,Sea Slug Pokémon
423,11,トリトドン,ウミウシポケモン
424,1,エテボース,おながポケモン
424,9,Ambipom,Long Tail Pokémon
424,11,エテボース,おながポケモン
425,1,フワンテ,ふうせんポケモン
425,9,Drifloon,Balloon Pokémon
425,11,フワンテ,ふうせんポケモン
426,1,フワライド,ききゅうポケモン
426,9,Drifblim,Blimp Pokémon
426,11,フワライド,ききゅうポケモン
427,1,ミミロル,うさぎポケモン
427,9,Buneary,Rabbit Pokémon
427,11,ミミロル,うさぎポケモン
428,1,ミミロップ,うさぎポケモン
428,9,Lopunny,Rabbit Pokémon
428,11,ミミロップ,うさぎポケモン
429,1,ムウマージ,マジカルポケモン
429,9,Mismagius,Magical Pokémon
429,11,ムウマージ,マジカルポケモン
430,1,ドンカラス,おおボスポケモン
430,9,Honchkrow,Big Boss Pokémon
430,11,ドンカラス,おおボスポケモン
431,1,ニャルマー,ねこかぶりポケモン
431,9,Glameow,Catty Pokémon
431,11,ニャルマー,ねこかぶりポケモン
432,1,ブニャット,とらねこポケモン
432,9,Purugly,Tiger Cat Pokémon
432,11,ブニャット,とらねこポケモン
433,1,リーシャン,すずポケモン
433,9,Chingling,Bell Pokémon
433,11,リーシャン,すずポケモン
434,1,スカンプー,スカンクポケモン
434,9,Stunky,Skunk Pokémon
434,11,スカンプー,スカンクポケモン
435,1,スカタンク,スカンクポケモン
435,9,Skuntank,Skunk Pokémon
435,11,スカタンク,スカンクポケモン
436,1,ドーミラー,せいどうポケモン
436,9,Bronzor,Bronze Pokémon
436,11,ドーミラー,せいどうポケモン
437,1,ドータクン,どうたくポケモン
437,9,Bronzong,Bronze Bell Pokémon
437,11,ドータクン,どうたくポケモン
438,1,ウソハチ,ぼんさいポケモン
438,9,Bonsly,Bonsai Pokémon
438,11,ウソハチ,ぼんさいポケモン
439,1,マネネ,マイムポケモン
439,9,Mime Jr.,Mime Pokémon
439,11,マネネ,マイムポケモン
440,1,ピンプク,ままごとポケモン
440,9,Happiny,Playhouse Pokémon
440,11,ピンプク,ままごとポケモン
441,1,ペラップ,おんぷポケモン
441,9,Chatot,Music Note Pokémon
441,11,ペラップ,おんぷポケモン
442,1,ミカルゲ,ふういんポケモン
442,9,Spiritomb,Forbidden Pokémon
442,11,ミカルゲ,ふういんポケモン
443,1,フカマル,りくザメポケモン
443,9,Gible,Land Shark Pokémon
443,11,フカマル,りくザメポケモン
444,1,ガバイト,ほらあなポケモン
444,9,Gabite,Cave Pokémon
444,11,ガバイト,ほらあなポケモン
445,1,ガブリアス,マッハポケモン
445,9,Garchomp,Mach Pokémon
445,11,ガブリアス,マッハポケモン
446,1,ゴンベ,おおぐいポケモン
446,9,Munchlax,Big Eater Pokémon
446,11,ゴンベ,おおぐいポケモン
447,1,リオル,はもんポケモン
447,9,Riolu,Emanation Pokémon
447,11,リオル,はもんポケモン
448,1,ルカリオ,はどうポケモン
448,9,Lucario,Aura Pokémon
448,11,ルカリオ,はどうポケモン
449,1,ヒポポタス,カバポケモン
449,9,Hippopotas,Hippo Pokémon
449,11,ヒポポタス,カバポケモン
450,1,カバルドン,じゅうりょうポケモン
450,9,Hippowdon,Heavyweight Pokémon
450,11,カバルドン,じゅうりょうポケモン
451,1,スコルピ,さそりポケモン
451,9,Skorupi,Scorpion Pokémon
451,11,スコルピ,さそりポケモン
452,1,ドラピオン,ばけさそりポケモン
452,9,Drapion,Ogre Scorpion Pokémon
452,11,ドラピオン,ばけさそりポケモン
453,1,グレッグル,どくづきポケモン
453,9,Croagunk,Toxic Mouth Pokémon
453,11,グレッグル,どくづきポケモン
454,1,ドクロッグ,どくづきポケモン
454,9,Toxicroak,Toxic Mouth Pokémon
454,11,ドクロッグ,どくづきポケモン
455,1,マスキッパ,むしとりポケモン
455,9,Carnivine,Bug Catcher Pokémon
455,11,マスキッパ,むしとりポケモン
456,1,ケイコウオ,はねうおポケモン
456,9,Finneon,Wing Fish Pokémon
456,11,ケイコウオ,はねうおポケモン
457,1,ネオラント,ネオンポケモン
457,9,Lumineon,Neon Pokémon
457,11,ネオラント,ネオンポケモン
458,1,タマンタ,カイトポケモン
458,9,Mantyke,Kite Pokémon
458,11,タマンタ,カイトポケモン
459,1,ユキカブリ,じゅひょうポケモン
459,9,Snover,Frost Tree Pokémon
459,11,ユキカブリ,じゅひょうポケモン
460,1,ユキノオー,じゅひょうポケモン
460,9,Abomasnow,Frost Tree Pokémon
460,11,ユキノオー,じゅひょうポケモン
461,1,マニューラ,かぎづめポケモン
461,9,Weavile,Sharp Claw Pokémon
461,11,マニューラ,かぎづめポケモン
462,1,ジバコイル,じばポケモン
462,9,Magnezone,Magnet Area Pokémon
462,11,ジバコイル,じばポケモン
463,1,ベロベルト,なめまわしポケモン
463,9,Lickilicky,Licking Pokémon
463,11,ベロベルト,なめまわしポケモン
464,1,ドサイドン,ドリルポケモン
464,9,Rhyperior,Drill Pokémon
464,11,ドサイドン,ドリルポケモン
465,1,モジャンボ,ツルじょうポケモン
465,9,Tangrowth,Vine Pokémon
465,11,モジャンボ,ツルじょうポケモン
466,1,エレキブル,らいでんポケモン
466,9,Electivire,Thunderbolt Pokémon
466,11,エレキブル,らいでんポケモン
467,1,ブーバーン,ばくえんポケモン
467,9,Magmortar,Blast Pokémon
467,11,ブーバーン,ばくえんポケモン
468,1,トゲキッス,しゅくふくポケモン
468,9,Togekiss,Jubilee Pokémon
468,11,トゲキッス,しゅくふくポケモン
469,1,メガヤンマ,オニトンボポケモン
469,9,Yanmega,Ogre Darner Pokémon
469,11,メガヤンマ,オニトンボポケモン
470,1,リーフィア,しんりょくポケモン
470,9,Leafeon,Verdant Pokémon
470,11,リーフィア,しんりょくポケモン
471,1,グレイシア,しんせつポケモン
471,9,Glaceon,Fresh Snow Pokémon
471,11,グレイシア,しんせつポケモン
472,1,グライオン,キバさそりポケモン
472,9,Gliscor,Fang Scorpion Pokémon
472,11,グライオン,キバさそりポケモン
473,1,マンムー,２ほんキバポケモン
473,9,Mamoswine,Twin Tusk Pokémon
473,11,マンムー,２ほんキバポケモン
474,1,ポリゴンＺ,バーチャルポケモン
474,9,Porygon-Z,Virtual Pokémon
474,11,ポリゴンＺ,バーチャルポケモン
475,1,エルレイド,やいばポケモン
475,9,Gallade,Blade Pokémon
475,11,エルレイド,やいばポケモン
476,1,ダイノーズ,コンパスポケモン
476,9,Probopass,Compass Pokémon
476,11,ダイノーズ,コンパスポケモン
477,1,ヨノワール,てづかみポケモン
477,9,Dusknoir,Gripper Pokémon
477,11,ヨノワール,てづかみポケモン
478,1,ユキメノコ,ゆきぐにポケモン
478,9,Froslass,Snow Land Pokémon
478,11,ユキメノコ,ゆきぐにポケモン
479,1,ロトム,プラズマポケモン
479,9,Rotom,Plasma Pokémon
479,11,ロトム,プラズマポケモン
480,1,ユクシー,ちしきポケモン
480,9,Uxie,Knowledge Pokémon
480,11,ユクシー,ちしきポケモン
481,1,エムリット,かんじょうポケモン
481,9,Mesprit,Emotion Pokémon
481,11,エムリット,かんじょうポケモン
482,1,アグノム,いしポケモン
482,9,Azelf,Willpower Pokémon
482,11,アグノム,いしポケモン
483,1,ディアルガ,じかんポケモン
483,9,Dialga,Temporal Pokémon
483,11,ディアルガ,じかんポケモン
484,1,パルキア,くうかんポケモン
484,9,Palkia,Spatial Pokémon
484,11,パルキア,くうかんポケモン
485,1,ヒードラン,かこうポケモン
485,9,Heatran,Lava Dome Pokémon
485,11,ヒードラン,かこうポケモン
486,1,レジギガス,きょだいポケモン
486,9,Regigigas,Colossal Pokémon
486,11,レジギガス,きょだいポケモン
487,1,ギラティナ,はんこつポケモン
487,9,Giratina,Renegade Pokémon
487,11,ギラティナ,はんこつポケモン
488,1,クレセリア,みかづきポケモン
488,9,Cresselia,Lunar Pokémon
488,11,クレセリア,みかづきポケモン
489,1,フィオネ,かいようポケモン
489,9,Phione,Sea Drifter Pokémon
489,11,フィオネ,かいようポケモン
490,1,マナフィ,かいゆうポケモン
490,9,Manaphy,Seafaring Pokémon
490,11,マナフィ,かいゆうポケモン
491,1,ダークライ,あんこくポケモン
491,9,Darkrai,Pitch-Black Pokémon
491,11,ダークライ,あんこくポケモン
492,1,シェイミ,かんしゃポケモン
492,9,Shaymin,Gratitude Pokémon
492,11,シェイミ,かんしゃポケモン
493,1,アルセウス,そうぞうポケモン
493,9,Arceus,Alpha Pokémon
493,11,アルセウス,そうぞうポケモン
494,1,ビクティニ,しょうりポケモン
494,9,Victini,Victory Pokémon
494,11,ビクティニ,しょうりポケモン
495,1,ツタージャ,くさへびポケモン
495,9,Snivy,Grass Snake Pokémon
495,11,ツタージャ,くさへびポケモン
496,1,ジャノビー,くさへびポケモン
496,9,Servine,Grass Snake Pokémon
496,11,ジャノビー,くさへびポケモン
497,1,ジャローダ,ロイヤルポケモン
497,9,Serperior,Regal Pokémon
497,11,ジャローダ,ロイヤルポケモン
498,1,ポカブ,ひぶたポケモン
498,9,Tepig,Fire Pig Pokémon
498,11,ポカブ,ひぶたポケモン
499,1,チャオブー,ひぶたポケモン
499,9,Pignite,Fire Pig Pokémon
499,11,チャオブー,ひぶたポケモン
500,1,エンブオー,おおひぶたポケモン
500,9,Emboar,Mega Fire Pig Pokémon
500,11,エンブオー,おおひぶたポケモン
501,1,ミジュマル,ラッコポケモン
501,9,Oshawott,Sea Otter Pokémon
501,11,ミジュマル,ラッコポケモン
502,1,フタチマル,しゅぎょうポケモン
502,9,Dewott,Discipline Pokémon
502,11,フタチマル,しゅぎょうポケモン
503,1,ダイケンキ,かんろくポケモン
503,9,Samurott,Formidable Pokémon
503,11,ダイケンキ,かんろくポケモン
504,1,ミネズミ,みはりポケモン
504,9,Patrat,Scout Pokémon
504,11,ミネズミ,みはりポケモン
505,1,ミルホッグ,けいかいポケモン
505,9,Watchog,Lookout Pokémon
505,11,ミルホッグ,けいかいポケモン
506,1,ヨーテリー,こいぬポケモン
506,9,Lillipup,Puppy Pokémon
506,11,ヨーテリー,こいぬポケモン
507,1,ハーデリア,ちゅうけんポケモン
507,9,Herdier,Loyal Dog Pokémon
507,11,ハーデリア,ちゅうけんポケモン
508,1,ムーランド,かんだいポケモン
508,9,Stoutland,Big-Hearted Pokémon
508,11,ムーランド,かんだいポケモン
509,1,チョロネコ,しょうわるポケモン
509,9,Purrloin,Devious Pokémon
509,11,チョロネコ,しょうわるポケモン
510,1,レパルダス,れいこくポケモン
510,9,Liepard,Cruel Pokémon
510,11,レパルダス,れいこくポケモン
511,1,ヤナップ,くさざるポケモン
511,9,Pansage,Grass Monkey Pokémon
511,11,ヤナップ,くさざるポケモン
512,1,ヤナッキー,とげざるポケモン
512,9,Simisage,Thorn Monkey Pokémon
512,11,ヤナッキー,とげざるポケモン
513,1,バオップ,こうおんポケモン
513,9,Pansear,High Temp Pokémon
513,11,バオップ,こうおんポケモン
514,1,バオッキー,ひのこポケモン
514,9,Simisear,Ember Pokémon
514,11,バオッキー,ひのこポケモン
515,1,ヒヤップ,みずかけポケモン
515,9,Panpour,Spray Pokémon
515,11,ヒヤップ,みずかけポケモン
516,1,ヒヤッキー,ほうすいポケモン
516,9,Simipour,Geyser Pokémon
516,11,ヒヤッキー,ほうすいポケモン
517,1,ムンナ,ゆめくいポケモン
517,9,Munna,Dream Eater Pokémon
517,11,ムンナ,ゆめくいポケモン
518,1,ムシャーナ,ゆめうつつポケモン
518,9,Musharna,Drowsing Pokémon
518,11,ムシャーナ,ゆめうつつポケモン
519,1,マメパト,こばとポケモン
519,9,Pidove,Tiny Pigeon Pokémon
519,11,マメパト,こばとポケモン
520,1,ハトーボー,のばとポケモン
520,9,Tranquill,Wild Pigeon Pokémon
520,11,ハトーボー,のばとポケモン
521,1,ケンホロウ,プライドポケモン
521,9,Unfezant,Proud Pokémon
521,11,ケンホロウ,プライドポケモン
522,1,シママ,たいでんポケモン
522,9,Blitzle,Electrified Pokémon
522,11,シママ,たいでんポケモン
523,1,ゼブライカ,らいでんポケモン
523,9,Zebstrika,Thunderbolt Pokémon
523,11,ゼブライカ,らいでんポケモン
524,1,ダンゴロ,マントルポケモン
524,9,Roggenrola,Mantle Pokémon
524,11,ダンゴロ,マントルポケモン
525,1,ガントル,こうせきポケモン
525,9,Boldore,Ore Pokémon
525,11,ガントル,こうせきポケモン
526,1,ギガイアス,こうあつポケモン
526,9,Gigalith,Compressed Pokémon
526,11,ギガイアス,こうあつポケモン
527,1,コロモリ,こうもりポケモン
527,9,Woobat,Bat Pokémon
527,11,コロモリ,こうもりポケモン
528,1,ココロモリ,きゅうあいポケモン
528,9,Swoobat,Courting Pokémon
528,11,ココロモリ,きゅうあいポケモン
529,1,モグリュー,もぐらポケモン
529,9,Drilbur,Mole Pokémon
529,11,モグリュー,もぐらポケモン
530,1,ドリュウズ,ちていポケモン
530,9,Excadrill,Subterrene Pokémon
530,11,ドリュウズ,ちていポケモン
531,1,タブンネ,ヒヤリングポケモン
531,9,Audino,Hearing Pokémon
531,11,タブンネ,ヒヤリングポケモン
532,1,ドッコラー,きんこつポケモン
532,9,Timburr,Muscular Pokémon
532,11,ドッコラー,きんこつポケモン
533,1,ドテッコツ,きんこつポケモン
533,9,Gurdurr,Muscular Pokémon
533,11,ドテッコツ,きんこつポケモン
534,1,ローブシン,きんこつポケモン
534,9,Conkeldurr,Muscular Pokémon
534,11,ローブシン,きんこつポケモン
535,1,オタマロ,おたまポケモン
535,9,Tympole,Tadpole Pokémon
535,11,オタマロ,おたまポケモン
536,1,ガマガル,しんどうポケモン
536,9,Palpitoad,Vibration Pokémon
536,11,ガマガル,しんどうポケモン
537,1,ガマゲロゲ,しんどうポケモン
537,9,Seismitoad,Vibration Pokémon
537,11,ガマゲロゲ,しんどうポケモン
538,1,ナゲキ,じゅうどうポケモン
538,9,Throh,Judo Pokémon
538,11,ナゲキ,じゅうどうポケモン
539,1,ダゲキ,からてポケモン
539,9,Sawk,Karate Pokémon
539,11,ダゲキ,からてポケモン
540,1,クルミル,さいほうポケモン
540,9,Sewaddle,Sewing Pokémon
540,11,クルミル,さいほうポケモン
541,1,クルマユ,はごもりポケモン
541,9,Swadloon,Leaf-Wrapped Pokémon
541,11,クルマユ,はごもりポケモン
542,1,ハハコモリ,こそだてポケモン
542,9,Leavanny,Nurturing Pokémon
542,11,ハハコモリ,こそだてポケモン
543,1,フシデ,ムカデポケモン
543,9,Venipede,Centipede Pokémon
543,11,フシデ,ムカデポケモン
544,1,ホイーガ,まゆムカデポケモン
544,9,Whirlipede,Curlipede Pokémon
544,11,ホイーガ,まゆムカデポケモン
545,1,ペンドラー,メガムカデポケモン
545,9,Scolipede,Megapede Pokémon
545,11,ペンドラー,メガムカデポケモン
546,1,モンメン,わたたまポケモン
546,9,Cottonee,Cotton Puff Pokémon
546,11,モンメン,わたたまポケモン
547,1,エルフーン,かぜかくれポケモン
547,9,Whimsicott,Windveiled Pokémon
547,11,エルフーン,かぜかくれポケモン
548,1,チュリネ,ねっこポケモン
548,9,Petilil,Bulb Pokémon
548,11,チュリネ,ねっこポケモン
549,1,ドレディア,はなかざりポケモン
549,9,Lilligant,Flowering Pokémon
549,11,ドレディア,はなかざりポケモン
550,1,バスラオ,らんぼうポケモン
550,9,Basculin,Hostile Pokémon
550,11,バスラオ,らんぼうポケモン
551,1,メグロコ,さばくワニポケモン
551,9,Sandile,Desert Croc Pokémon
551,11,メグロコ,さばくワニポケモン
552,1,ワルビル,さばくワニポケモン
552,9,Krokorok,Desert Croc Pokémon
552,11,ワルビル,さばくワニポケモン
553,1,ワルビアル,いかくポケモン
553,9,Krookodile,Intimidation Pokémon
553,11,ワルビアル,いかくポケモン
554,1,ダルマッカ,だるまポケモン
554,9,Darumaka,Zen Charm Pokémon
554,11,ダルマッカ,だるまポケモン
555,1,ヒヒダルマ,えんじょうポケモン
555,9,Darmanitan,Blazing Pokémon
555,11,ヒヒダルマ,えんじょうポケモン
556,1,マラカッチ,サボテンポケモン
556,9,Maractus,Cactus Pokémon
556,11,マラカッチ,サボテンポケモン
557,1,イシズマイ,いしやどポケモン
557,9,Dwebble,Rock Inn Pokémon
557,11,イシズマイ,いしやどポケモン
558,1,イワパレス,いわやどポケモン
558,9,Crustle,Stone Home Pokémon
558,11,イワパレス,いわやどポケモン
559,1,ズルッグ,だっぴポケモン
559,9,Scraggy,Shedding Pokémon
559,11,ズルッグ,だっぴポケモン
560,1,ズルズキン,あくとうポケモン
560,9,Scrafty,Hoodlum Pokémon
560,11,ズルズキン,あくとうポケモン
561,1,シンボラー,とりもどきポケモン
561,9,Sigilyph,Avianoid Pokémon
561,11,シンボラー,とりもどきポケモン
562,1,デスマス,たましいポケモン
562,9,Yamask,Spirit Pokémon
562,11,デスマス,たましいポケモン
563,1,デスカーン,かんおけポケモン
563,9,Cofagrigus,Coffin Pokémon
563,11,デスカーン,かんおけポケモン
564,1,プロトーガ,こだいがめポケモン
564,9,Tirtouga,Prototurtle Pokémon
564,11,プロトーガ,こだいがめポケモン
565,1,アバゴーラ,こだいがめポケモン
565,9,Carracosta,Prototurtle Pokémon
565,11,アバゴーラ,こだいがめポケモン
566,1,アーケン,さいこどりポケモン
566,9,Archen,First Bird Pokémon
566,11,アーケン,さいこどりポケモン
567,1,アーケオス,さいこどりポケモン
567,9,Archeops,First Bird Pokémon
567,11,アーケオス,さいこどりポケモン
568,1,ヤブクロン,ゴミぶくろポケモン
568,9,Trubbish,Trash Bag Pokémon
568,11,ヤブクロン,ゴミぶくろポケモン
569,1,ダストダス,ゴミすてばポケモン
569,9,Garbodor,Trash Heap Pokémon
569,11,ダストダス,ゴミすてばポケモン
570,1,ゾロア,わるぎつねポケモン
570,9,Zorua,Tricky Fox Pokémon
570,11,ゾロア,わるぎつねポケモン
571,1,ゾロアーク,ばけぎつねポケモン
571,9,Zoroark,Illusion Fox Pokémon
571,11,ゾロアーク,ばけぎつねポケモン
572,1,チラーミィ,チンチラポケモン
572,9,Minccino,Chinchilla Pokémon
572,11,チラーミィ,チンチラポケモン
573,1,チラチーノ,スカーフポケモン
573,9,Cinccino,Scarf Pokémon
573,11,チラチーノ,スカーフポケモン
574,1,ゴチム,ぎょうしポケモン
574,9,Gothita,Fixation Pokémon
574,11,ゴチム,ぎょうしポケモン
575,1,ゴチミル,あやつりポケモン
575,9,Gothorita,Manipulate Pokémon
575,11,ゴチミル,あやつりポケモン
576,1,ゴチルゼル,てんたいポケモン
576,9,Gothitelle,Astral Body Pokémon
576,11,ゴチルゼル,てんたいポケモン
577,1,ユニラン,さいぼうポケモン
577,9,Solosis,Cell Pokémon
577,11,ユニラン,さいぼうポケモン
578,1,ダブラン,ぶんかつポケモン
578,9,Duosion,Mitosis Pokémon
578,11,ダブラン,ぶんかつポケモン
579,1,ランクルス,ぞうふくポケモン
579,9,Reuniclus,Multiplying Pokémon
579,11,ランクルス,ぞうふくポケモン
580,1,コアルヒー,みずどりポケモン
580,9,Ducklett,Water Bird Pokémon
580,11,コアルヒー,みずどりポケモン
581,1,スワンナ,しらとりポケモン
581,9,Swanna,White Bird Pokémon
581,11,スワンナ,しらとりポケモン
582,1,バニプッチ,しんせつポケモン
582,9,Vanillite,Fresh Snow Pokémon
582,11,バニプッチ,しんせつポケモン
583,1,バニリッチ,ひょうせつポケモン
583,9,Vanillish,Icy Snow Pokémon
583,11,バニリッチ,ひょうせつポケモン
584,1,バイバニラ,ブリザードポケモン
584,9,Vanilluxe,Snowstorm Pokémon
584,11,バイバニラ,ブリザードポケモン
585,1,シキジカ,きせつポケモン
585,9,Deerling,Season Pokémon
585,11,シキジカ,きせつポケモン
586,1,メブキジカ,きせつポケモン
586,9,Sawsbuck,Season Pokémon
586,11,メブキジカ,きせつポケモン
587,1,エモンガ,モモンガポケモン
587,9,Emolga,Sky Squirrel Pokémon
587,11,エモンガ,モモンガポケモン
588,1,カブルモ,かぶりつきポケモン
588,9,Karrablast,Clamping Pokémon
588,11,カブルモ,かぶりつきポケモン
589,1,シュバルゴ,きへいポケモン
589,9,Escavalier,Cavalry Pokémon
589,11,シュバルゴ,きへいポケモン
590,1,タマゲタケ,きのこポケモン
590,9,Foongus,Mushroom Pokémon
590,11,タマゲタケ,きのこポケモン
591,1,モロバレル,きのこポケモン
591,9,Amoonguss,Mushroom Pokémon
591,11,モロバレル,きのこポケモン
592,1,プルリル,ふゆうポケモン
592,9,Frillish,Floating Pokémon
592,11,プルリル,ふゆうポケモン
593,1,ブルンゲル,ふゆうポケモン
593,9,Jellicent,Floating Pokémon
593,11,ブルンゲル,ふゆうポケモン
594,1,ママンボウ,かいほうポケモン
594,9,Alomomola,Caring Pokémon
594,11,ママンボウ,かいほうポケモン
595,1,バチュル,くっつきポケモン
595,9,Joltik,Attaching Pokémon
595,11,バチュル,くっつきポケモン
596,1,デンチュラ,でんきグモポケモン
596,9,Galvantula,EleSpider Pokémon
596,11,デンチュラ,でんきグモポケモン
597,1,テッシード,とげのみポケモン
597,9,Ferroseed,Thorn Seed Pokémon
597,11,テッシード,とげのみポケモン
598,1,ナットレイ,とげだまポケモン
598,9,Ferrothorn,Thorn Pod Pokémon
598,11,ナットレイ,とげだまポケモン
599,1,ギアル,はぐるまポケモン
599,9,Klink,Gear Pokémon
599,11,ギアル,はぐるまポケモン
600,1,ギギアル,はぐるまポケモン
600,9,Klang,Gear Pokémon
600,11,ギギアル,はぐるまポケモン
601,1,ギギギアル,はぐるまポケモン
601,9,Klinklang,Gear Pokémon
601,11,ギギギアル,はぐるまポケモン
602,1,シビシラス,でんきうおポケモン
602,9,Tynamo,EleFish Pokémon
602,11,シビシラス,でんきうおポケモン
603,1,シビビール,でんきうおポケモン
603,9,Eelektrik,EleFish Pokémon
603,11,シビビール,でんきうおポケモン
604,1,シビルドン,でんきうおポケモン
604,9,Eelektross,EleFish Pokémon
604,11,シビルドン,でんきうおポケモン
605,1,リグレー,ブレインポケモン
605,9,Elgyem,Cerebral Pokémon
605,11,リグレー,ブレインポケモン
606,1,オーベム,ブレインポケモン
606,9,Beheeyem,Cerebral Pokémon
606,11,オーベム,ブレインポケモン
607,1,ヒトモシ,ろうそくポケモン
607,9,Litwick,Candle Pokémon
607,11,ヒトモシ,ろうそくポケモン
608,1,ランプラー,ランプポケモン
608,9,Lampent,Lamp Pokémon
608,11,ランプラー,ランプポケモン
609,1,シャンデラ,いざないポケモン
609,9,Chandelure,Luring Pokémon
609,11,シャンデラ,いざないポケモン
610,1,キバゴ,キバポケモン
610,9,Axew,Tusk Pokémon
610,11,キバゴ,キバポケモン
611,1,オノンド,あごオノポケモン
611,9,Fraxure,Axe Jaw Pokémon
611,11,オノンド,あごオノポケモン
612,1,オノノクス,あごオノポケモン
612,9,Haxorus,Axe Jaw Pokémon
612,11,オノノクス,あごオノポケモン
613,1,クマシュン,ひょうけつポケモン
613,9,Cubchoo,Chill Pokémon
613,11,クマシュン,ひょうけつポケモン
614,1,ツンベアー,とうけつポケモン
614,9,Beartic,Freezing Pokémon
614,11,ツンベアー,とうけつポケモン
615,1,フリージオ,けっしょうポケモン
615,9,Cryogonal,Crystallizing Pokémon
615,11,フリージオ,けっしょうポケモン
616,1,チョボマキ,マイマイポケモン
616,9,Shelmet,Snail Pokémon
616,11,チョボマキ,マイマイポケモン
617,1,アギルダー,からぬけポケモン
617,9,Accelgor,Shell Out Pokémon
617,11,アギルダー,からぬけポケモン
618,1,マッギョ,トラップポケモン
618,9,Stunfisk,Trap Pokémon
618,11,マッギョ,トラップポケモン
619,1,コジョフー,ぶじゅつポケモン
619,9,Mienfoo,Martial Arts Pokémon
619,11,コジョフー,ぶじゅつポケモン
620,1,コジョンド,ぶじゅつポケモン
620,9,Mienshao,Martial Arts Pokémon
620,11,コジョンド,ぶじゅつポケモン
621,1,クリムガン,ほらあなポケモン
621,9,Druddigon,Cave Pokémon
621,11,クリムガン,ほらあなポケモン
622,1,ゴビット,ゴーレムポケモン
622,9,Golett,Automaton Pokémon
622,11,ゴビット,ゴーレムポケモン
623,1,ゴルーグ,ゴーレムポケモン
623,9,Golurk,Automaton Pokémon
623,11,ゴルーグ,ゴーレムポケモン
624,1,コマタナ,はものポケモン
624,9,Pawniard,Sharp Blade Pokémon
624,11,コマタナ,はものポケモン
625,1,キリキザン,とうじんポケモン
625,9,Bisharp,Sword Blade Pokémon
625,11,キリキザン,とうじんポケモン
626,1,バッフロン,ずつきうしポケモン
626,9,Bouffalant,Bash Buffalo Pokémon
626,11,バッフロン,ずつきうしポケモン
627,1,ワシボン,ヒナわしポケモン
627,9,Rufflet,Eaglet Pokémon
627,11,ワシボン,ヒナわしポケモン
628,1,ウォーグル,ゆうもうポケモン
628,9,Braviary,Valiant Pokémon
628,11,ウォーグル,ゆうもうポケモン
629,1,バルチャイ,おむつポケモン
629,9,Vullaby,Diapered Pokémon
629,11,バルチャイ,おむつポケモン
630,1,バルジーナ,ほねわしポケモン
630,9,Mandibuzz,Bone Vulture Pokémon
630,11,バルジーナ,ほねわしポケモン
631,1,クイタラン,アリクイポケモン
631,9,Heatmor,Anteater Pokémon
631,11,クイタラン,アリクイポケモン
632,1,アイアント,てつアリポケモン
632,9,Durant,Iron Ant Pokémon
632,11,アイアント,てつアリポケモン
633,1,モノズ,そぼうポケモン
633,9,Deino,Irate Pokémon
633,11,モノズ,そぼうポケモン
634,1,ジヘッド,らんぼうポケモン
634,9,Zweilous,Hostile Pokémon
634,11,ジヘッド,らんぼうポケモン
635,1,サザンドラ,きょうぼうポケモン
635,9,Hydreigon,Brutal Pokémon
635,11,サザンドラ,きょうぼうポケモン
636,1,メラルバ,たいまつポケモン
636,9,Larvesta,Torch Pokémon
636,11,メラルバ,たいまつポケモン
637,1,ウルガモス,たいようポケモン
637,9,Volcarona,Sun Pokémon
637,11,ウルガモス,たいようポケモン
638,1,コバルオン,てっしんポケモン
638,9,Cobalion,Iron Will Pokémon
638,11,コバルオン,てっしんポケモン
639,1,テラキオン,がんくつポケモン
639,9,Terrakion,Cavern Pokémon
639,11,テラキオン,がんくつポケモン
640,1,ビリジオン,そうげんポケモン
640,9,Virizion,Grassland Pokémon
640,11,ビリジオン,そうげんポケモン
641,1,トルネロス,せんぷうポケモン
641,9,Tornadus,Cyclone Pokémon
641,11,トルネロス,せんぷうポケモン
642,1,ボルトロス,らいげきポケモン
642,9,Thundurus,Bolt Strike Pokémon
642,11,ボルトロス,らいげきポケモン
643,1,レシラム,はくようポケモン
643,9,Reshiram,Vast White Pokémon
643,11,レシラム,はくようポケモン
644,1,ゼクロム,こくいんポケモン
644,9,Zekrom,Deep Black Pokémon
644,11,ゼクロム,こくいんポケモン
645,1,ランドロス,ほうじょうポケモン
645,9,Landorus,Abundance Pokémon
645,11,ランドロス,ほうじょうポケモン
646,1,キュレム,きょうかいポケモン
646,9,Kyurem,Boundary Pokémon
646,11,キュレム,きょうかいポケモン
647,1,ケルディオ,わかごまポケモン
647,9,Keldeo,Colt Pokémon
647,11,ケルディオ,わかごまポケモン
648,1,メロエッタ,せんりつポケモン
648,9,Meloetta,Melody Pokémon
648,11,メロエッタ,せんりつポケモン
649,1,ゲノセクト,こせいだいポケモン
649,9,Genesect,Paleozoic Pokémon
649,11,ゲノセクト,こせいだいポケモン
650,1,ハリマロン,いがぐりポケモン
650,9,Chespin,Spiny Nut Pokémon
650,11,ハリマロン,いがぐりポケモン
651,1,ハリボーグ,とげよろいポケモン
651,9,Quilladin,Spiny Armor Pokémon
651,11,ハリボーグ,とげよろいポケモン
652,1,ブリガロン,とげよろいポケモン
652,9,Chesnaught,Spiny Armor Pokémon
652,11,ブリガロン,とげよろいポケモン
653,1,フォッコ,キツネポケモン
653,9,Fennekin,Fox Pokémon
653,11,フォッコ,キツネポケモン
654,1,テールナー,キツネポケモン
654,9,Braixen,Fox Pokémon
654,11,テールナー,キツネポケモン
655,1,マフォクシー,キツネポケモン
655,9,Delphox,Fox Pokémon
655,11,マフォクシー,キツネポケモン
656,1,ケロマツ,あわがえるポケモン
656,9,Froakie,Bubble Frog Pokémon
656,11,ケロマツ,あわがえるポケモン
657,1,ゲコガシラ,あわがえるポケモン
657,9,Frogadier,Bubble Frog Pokémon
657,11,ゲコガシラ,あわがえるポケモン
658,1,ゲッコウガ,しのびポケモン
658,9,Greninja,Ninja Pokémon
658,11,ゲッコウガ,しのびポケモン
659,1,ホルビー,あなほりポケモン
659,9,Bunnelby,Digging Pokémon
659,11,ホルビー,あなほりポケモン
660,1,ホルード,あなほりポケモン
660,9,Diggersby,Digging Pokémon
660,11,ホルード,あなほりポケモン
661,1,ヤヤコマ,コマドリポケモン
661,9,Fletchling,Tiny Robin Pokémon
661,11,ヤヤコマ,コマドリポケモン
662,1,ヒノヤコマ,ひのこポケモン
662,9,Fletchinder,Ember Pokémon
662,11,ヒノヤコマ,ひのこポケモン
663,1,ファイアロー,れっかポケモン
663,9,Talonflame,Scorching Pokémon
663,11,ファイアロー,れっかポケモン
664,1,コフキムシ,こなふきポケモン
664,9,Scatterbug,Scatterdust Pokémon
664,11,コフキムシ,こなふきポケモン
665,1,コフーライ,こなふきポケモン
665,9,Spewpa,Scatterdust Pokémon
665,11,コフーライ,こなふきポケモン
666,1,ビビヨン,りんぷんポケモン
666,9,Vivillon,Scale Pokémon
666,11,ビビヨン,りんぷんポケモン
667,1,シシコ,わかじしポケモン
667,9,Litleo,Lion Cub Pokémon
667,11,シシコ,わかじしポケモン
668,1,カエンジシ,おうじゃポケモン
668,9,Pyroar,Royal Pokémon
668,11,カエンジシ,おうじゃポケモン
669,1,フラベベ,いちりんポケモン
669,9,Flabébé,Single Bloom Pokémon
669,11,フラベベ,いちりんポケモン
670,1,フラエッテ,いちりんポケモン
670,9,Floette,Single Bloom Pokémon
670,11,フラエッテ,いちりんポケモン
671,1,フラージェス,ガーデンポケモン
671,9,Florges,Garden Pokémon
671,11,フラージェス,ガーデンポケモン
672,1,メェークル,ライドポケモン
672,9,Skiddo,Mount Pokémon
672,11,メェークル,ライドポケモン
673,1,ゴーゴート,ライドポケモン
673,9,Gogoat,Mount Pokémon
673,11,ゴーゴート,ライドポケモン
674,1,ヤンチャム,やんちゃポケモン
674,9,Pancham,Playful Pokémon
674,11,ヤンチャム,やんちゃポケモン
675,1,ゴロンダ,こわもてポケモン
675,9,Pangoro,Daunting Pokémon
675,11,ゴロンダ,こわもてポケモン
676,1,トリミアン,プードルポケモン
676,9,Furfrou,Poodle Pokémon
676,11,トリミアン,プードルポケモン
677,1,ニャスパー,じせいポケモン
677,9,Espurr,Restraint Pokémon
677,11,ニャスパー,じせいポケモン
678,1,ニャオニクス,よくせいポケモン
678,9,Meowstic,Constraint Pokémon
678,11,ニャオニクス,よくせいポケモン
679,1,ヒトツキ,とうけんポケモン
679,9,Honedge,Sword Pokémon
679,11,ヒトツキ,とうけんポケモン
680,1,ニダンギル,とうけんポケモン
680,9,Doublade,Sword Pokémon
680,11,ニダンギル,とうけんポケモン
681,1,ギルガルド,おうけんポケモン
681,9,Aegislash,Royal Sword Pokémon
681,11,ギルガルド,おうけんポケモン
682,1,シュシュプ,こうすいポケモン
682,9,Spritzee,Perfume Pokémon
682,11,シュシュプ,こうすいポケモン
683,1,フレフワン,ほうこうポケモン
683,9,Aromatisse,Fragrance Pokémon
683,11,フレフワン,ほうこうポケモン
684,1,ペロッパフ,わたあめポケモン
684,9,Swirlix,Cotton Candy Pokémon
684,11,ペロッパフ,わたあめポケモン
685,1,ペロリーム,ホイップポケモン
685,9,Slurpuff,Meringue Pokémon
685,11,ペロリーム,ホイップポケモン
686,1,マーイーカ,かいてんポケモン
686,9,Inkay,Revolving Pokémon
686,11,マーイーカ,かいてんポケモン
687,1,カラマネロ,ぎゃくてんポケモン
687,9,Malamar,Overturning Pokémon
687,11,カラマネロ,ぎゃくてんポケモン
688,1,カメテテ,ふたてポケモン
688,9,Binacle,Two-Handed Pokémon
688,11,カメテテ,ふたてポケモン
689,1,ガメノデス,しゅうごうポケモン
689,9,Barbaracle,Collective Pokémon
689,11,ガメノデス,しゅうごうポケモン
690,1,クズモー,クサモドキポケモン
690,9,Skrelp,Mock Kelp Pokémon
690,11,クズモー,クサモドキポケモン
691,1,ドラミドロ,クサモドキポケモン
691,9,Dragalge,Mock Kelp Pokémon
691,11,ドラミドロ,クサモドキポケモン
692,1,ウデッポウ,みずでっぽうポケモン
692,9,Clauncher,Water Gun Pokémon
692,11,ウデッポウ,みずでっぽうポケモン
693,1,ブロスター,ランチャーポケモン
693,9,Clawitzer,Howitzer Pokémon
693,11,ブロスター,ランチャーポケモン
694,1,エリキテル,はつでんポケモン
694,9,Helioptile,Generator Pokémon
694,11,エリキテル,はつでんポケモン
695,1,エレザード,はつでんポケモン
695,9,Heliolisk,Generator Pokémon
695,11,エレザード,はつでんポケモン
696,1,チゴラス,ようくんポケモン
696,9,Tyrunt,Royal Heir Pokémon
696,11,チゴラス,ようくんポケモン
697,1,ガチゴラス,ぼうくんポケモン
697,9,Tyrantrum,Despot Pokémon
697,11,ガチゴラス,ぼうくんポケモン
698,1,アマルス,ツンドラポケモン
698,9,Amaura,Tundra Pokémon
698,11,アマルス,ツンドラポケモン
699,1,アマルルガ,ツンドラポケモン
699,9,Aurorus,Tundra Pokémon
699,11,アマルルガ,ツンドラポケモン
700,1,ニンフィア,むすびつきポケモン
700,9,Sylveon,Intertwining Pokémon
700,11,ニンフィア,むすびつきポケモン
701,1,ルチャブル,レスリングポケモン
701,9,Hawlucha,Wrestling Pokémon
701,11,ルチャブル,レスリングポケモン
702,1,デデンネ,アンテナポケモン
702,9,Dedenne,Antenna Pokémon
702,11,デデンネ,アンテナポケモン
703,1,メレシー,ほうせきポケモン
703,9,Carbink,Jewel Pokémon
703,11,メレシー,ほうせきポケモン
704,1,ヌメラ,なんたいポケモン
704,9,Goomy,Soft Tissue Pokémon
704,11,ヌメラ,なんたいポケモン
705,1,ヌメイル,なんたいポケモン
705,9,Sliggoo,Soft Tissue Pokémon
705,11,ヌメイル,なんたいポケモン
706,1,ヌメルゴン,ドラゴンポケモン
706,9,Goodra,Dragon Pokémon
706,11,ヌメルゴン,ドラゴンポケモン
707,1,クレッフィ,かぎたばポケモン
707,9,Klefki,Key Ring Pokémon
707,11,クレッフィ,かぎたばポケモン
708,1,ボクレー,きりかぶポケモン
708,9,Phantump,Stump Pokémon
708,11,ボクレー,きりかぶポケモン
709,1,オーロット,ろうぼくポケモン
709,9,Trevenant,Elder Tree Pokémon
709,11,オーロット,ろうぼくポケモン
710,1,バケッチャ,かぼちゃポケモン
710,9,Pumpkaboo,Pumpkin Pokémon
710,11,バケッチャ,かぼちゃポケモン
711,1,パンプジン,かぼちゃポケモン
711,9,Gourgeist,Pumpkin Pokémon
711,11,パンプジン,かぼちゃポケモン
712,1,カチコール,ひょうかいポケモン
712,9,Bergmite,Ice Chunk Pokémon
712,11,カチコール,ひょうかいポケモン
713,1,クレベース,ひょうざんポケモン
713,9,Avalugg,Iceberg Pokémon
713,11,クレベース,ひょうざんポケモン
714,1,オンバット,おんぱポケモン
714,9,Noibat,Sound Wave Pokémon
714,11,オンバット,おんぱポケモン
715,1,オンバーン,おんぱポケモン
715,9,Noivern,Sound Wave Pokémon
715,11,オンバーン,おんぱポケモン
716,1,ゼルネアス,せいめいポケモン
716,9,Xerneas,Life Pokémon
716,11,ゼルネアス,せいめいポケモン
717,1,イベルタル,はかいポケモン
717,9,Yveltal,Destruction Pokémon
717,11,イベルタル,はかいポケモン
718,1,ジガルデ,ちつじょポケモン
718,9,Zygarde,Order Pokémon
718,11,ジガルデ,ちつじょポケモン
719,1,ディアンシー,ほうせきポケモン
719,9,Diancie,Jewel Pokémon
719,11,ディアンシー,ほうせきポケモン
720,1,フーパ,いたずらポケモン
720,9,Hoopa,Mischief Pokémon
720,11,フーパ,いたずらポケモン
721,1,ボルケニオン,スチームポケモン
721,9,Volcanion,Steam Pokémon
721,11,ボルケニオン,スチームポケモン
722,1,モクロー,くさばねポケモン
722,9,Rowlet,Grass Quill Pokémon
722,11,モクロー,くさばねポケモン
723,1,フクスロー,はばねポケモン
723,9,Dartrix,Blade Quill Pokémon
723,11,フクスロー,はばねポケモン
724,1,ジュナイパー,やばねポケモン
724,9,Decidueye,Arrow Quill Pokémon
724,11,ジュナイパー,やばねポケモン
725,1,ニャビー,ひねこポケモン
725,9,Litten,Fire Cat Pokémon
725,11,ニャビー,ひねこポケモン
726,1,ニャヒート,ひねこポケモン
726,9,Torracat,Fire Cat Pokémon
726,11,ニャヒート,ひねこポケモン
727,1,ガオガエン,ヒールポケモン
727,9,Incineroar,Heel Pokémon
727,11,ガオガエン,ヒールポケモン
728,1,アシマリ,あしかポケモン
728,9,Popplio,Sea Lion Pokémon
728,11,アシマリ,あしかポケモン
729,1,オシャマリ,アイドルポケモン
729,9,Brionne,Pop Star Pokémon
729,11,オシャマリ,アイドルポケモン
730,1,アシレーヌ,ソリストポケモン
730,9,Primarina,Soloist Pokémon
730,11,アシレーヌ,ソリストポケモン
731,1,ツツケラ,きつつきポケモン
731,9,Pikipek,Woodpecker Pokémon
731,11,ツツケラ,きつつきポケモン
732,1,ケララッパ,ラッパぐちポケモン
732,9,Trumbeak,Bugle Beak Pokémon
732,11,ケララッパ,ラッパぐちポケモン
733,1,ドデカバシ,おおづつポケモン
733,9,Toucannon,Cannon Pokémon
733,11,ドデカバシ,おおづつポケモン
734,1,ヤングース,うろつきポケモン
734,9,Yungoos,Loitering Pokémon
734,11,ヤングース,うろつきポケモン
735,1,デカグース,はりこみポケモン
735,9,Gumshoos,Stakeout Pokémon
735,11,デカグース,はりこみポケモン
736,1,アゴジムシ,ようちゅうポケモン
736,9,Grubbin,Larva Pokémon
736,11,アゴジムシ,ようちゅうポケモン
737,1,デンヂムシ,バッテリーポケモン
737,9,Charjabug,Battery Pokémon
737,11,デンヂムシ,バッテリーポケモン
738,1,クワガノン,くわがたポケモン
738,9,Vikavolt,Stag Beetle Pokémon
738,11,クワガノン,くわがたポケモン
739,1,マケンカニ,けんとうポケモン
739,9,Crabrawler,Boxing Pokémon
739,11,マケンカニ,けんとうポケモン
740,1,ケケンカニ,けがにポケモン
740,9,Crabominable,Woolly Crab Pokémon
740,11,ケケンカニ,けがにポケモン
741,1,オドリドリ,ダンスポケモン
741,9,Oricorio,Dancing Pokémon
741,11,オドリドリ,ダンスポケモン
742,1,アブリー,ツリアブポケモン
742,9,Cutiefly,Bee Fly Pokémon
742,11,アブリー,ツリアブポケモン
743,1,アブリボン,ツリアブポケモン
743,9,Ribombee,Bee Fly Pokémon
743,11,アブリボン,ツリアブポケモン
744,1,イワンコ,こいぬポケモン
744,9,Rockruff,Puppy Pokémon
744,11,イワンコ,こいぬポケモン
745,1,ルガルガン,オオカミポケモン
745,9,Lycanroc,Wolf Pokémon
745,11,ルガルガン,オオカミポケモン
746,1,ヨワシ,こざかなポケモン
746,9,Wishiwashi,Small Fry Pokémon
746,11,ヨワシ,こざかなポケモン
747,1,ヒドイデ,ヒトデナシポケモン
747,9,Mareanie,Brutal Star Pokémon
747,11,ヒドイデ,ヒトデナシポケモン
748,1,ドヒドイデ,ヒトデナシポケモン
748,9,Toxapex,Brutal Star Pokémon
748,11,ドヒドイデ,ヒトデナシポケモン
749,1,ドロバンコ,うさぎうまポケモン
749,9,Mudbray,Donkey Pokémon
749,11,ドロバンコ,うさぎうまポケモン
750,1,バンバドロ,ばんばポケモン
750,9,Mudsdale,Draft Horse Pokémon
750,11,バンバドロ,ばんばポケモン
751,1,シズクモ,すいほうポケモン
751,9,Dewpider,Water Bubble Pokémon
751,11,シズクモ,すいほうポケモン
752,1,オニシズクモ,すいほうポケモン
752,9,Araquanid,Water Bubble Pokémon
752,11,オニシズクモ,すいほうポケモン
753,1,カリキリ,かまくさポケモン
753,9,Fomantis,Sickle Grass Pokémon
753,11,カリキリ,かまくさポケモン
754,1,ラランテス,はなかまポケモン
754,9,Lurantis,Bloom Sickle Pokémon
754,11,ラランテス,はなかまポケモン
755,1,ネマシュ,はっこうポケモン
755,9,Morelull,Illuminating Pokémon
755,11,ネマシュ,はっこうポケモン
756,1,マシェード,はっこうポケモン
756,9,Shiinotic,Illuminating Pokémon
756,11,マシェード,はっこうポケモン
757,1,ヤトウモリ,どくトカゲポケモン
757,9,Salandit,Toxic Lizard Pokémon
757,11,ヤトウモリ,どくトカゲポケモン
758,1,エンニュート,どくトカゲポケモン
758,9,Salazzle,Toxic Lizard Pokémon
758,11,エンニュート,どくトカゲポケモン
759,1,ヌイコグマ,じたばたポケモン
759,9,Stufful,Flailing Pokémon
759,11,ヌイコグマ,じたばたポケモン
760,1,キテルグマ,ごうわんポケモン
760,9,Bewear,Strong Arm Pokémon
760,11,キテルグマ,ごうわんポケモン
761,1,アマカジ,フルーツポケモン
761,9,Bounsweet,Fruit Pokémon
761,11,アマカジ,フルーツポケモン
762,1,アママイコ,フルーツポケモン
762,9,Steenee,Fruit Pokémon
762,11,アママイコ,フルーツポケモン
763,1,アマージョ,フルーツポケモン
763,9,Tsareena,Fruit Pokémon
763,11,アマージョ,フルーツポケモン
764,1,キュワワー,はなつみポケモン
764,9,Comfey,Posy Picker Pokémon
764,11,キュワワー,はなつみポケモン
765,1,ヤレユータン,けんじゃポケモン
765,9,Oranguru,Sage Pokémon
765,11,ヤレユータン,けんじゃポケモン
766,1,ナゲツケサル,れんけいポケモン
766,9,Passimian,Teamwork Pokémon
766,11,ナゲツケサル,れんけいポケモン
767,1,コソクムシ,そうこうポケモン
767,9,Wimpod,Turn Tail Pokémon
767,11,コソクムシ,そうこうポケモン
768,1,グソクムシャ,そうこうポケモン
768,9,Golisopod,Hard Scale Pokémon
768,11,グソクムシャ,そうこうポケモン
769,1,スナバァ,すなやまポケモン
769,9,Sandygast,Sand Heap Pokémon
769,11,スナバァ,すなやまポケモン
770,1,シロデスナ,すなのしろポケモン
770,9,Palossand,Sand Castle Pokémon
770,11,シロデスナ,すなのしろポケモン
771,1,ナマコブシ,なまこポケモン
771,9,Pyukumuku,Sea Cucumber Pokémon
771,11,ナマコブシ,なまこポケモン
772,1,タイプ：ヌル,じんこうポケモン
772,9,Type: Null,Synthetic Pokémon
772,11,タイプ：ヌル,じんこうポケモン
773,1,シルヴァディ,じんこうポケモン
773,9,Silvally,Synthetic Pokémon
773,11,シルヴァディ,じんこうポケモン
774,1,メテノ,ながれぼしポケモン
774,9,Minior,Meteor Pokémon
774,11,メテノ,ながれぼしポケモン
775,1,ネッコアラ,ゆめうつつポケモン
775,9,Komala,Drowsing Pokémon
775,11,ネッコアラ,ゆめうつつポケモン
776,1,バクガメス,ばくはつがめポケモン
776,9,Turtonator,Blast Turtle Pokémon
776,11,バクガメス,ばくはつがめポケモン
777,1,トゲデマル,まるまりポケモン
777,9,Togedemaru,Roly-Poly Pokémon
777,11,トゲデマル,まるまりポケモン
778,1,ミミッキュ,ばけのかわポケモン
778,9,Mimikyu,Disguise Pokémon
778,11,ミミッキュ,ばけのかわポケモン
779,1,ハギギシリ,はぎしりポケモン
779,9,Bruxish,Gnash Teeth Pokémon
779,11,ハギギシリ,はぎしりポケモン
780,1,ジジーロン,ゆうゆうポケモン
780,9,Drampa,Placid Pokémon
780,11,ジジーロン,ゆうゆうポケモン
781,1,ダダリン,もくずポケモン
781,9,Dhelmise,Sea Creeper Pokémon
781,11,ダダリン,もくずポケモン
782,1,ジャラコ,うろこポケモン
782,9,Jangmo-o,Scaly Pokémon
782,11,ジャラコ,うろこポケモン
783,1,ジャランゴ,うろこポケモン
783,9,Hakamo-o,Scaly Pokémon
783,11,ジャランゴ,うろこポケモン
784,1,ジャラランガ,うろこポケモン
784,9,Kommo-o,Scaly Pokémon
784,11,ジャラランガ,うろこポケモン
785,1,カプ・コケコ,とちがみポケモン
785,9,Tapu Koko,Land Spirit Pokémon
785,11,カプ・コケコ,とちがみポケモン
786,1,カプ・テテフ,とちがみポケモン
786,9,Tapu Lele,Land Spirit Pokémon
786,11,カプ・テテフ,とちがみポケモン
787,1,カプ・ブルル,とちがみポケモン
787,9,Tapu Bulu,Land Spirit Pokémon
787,11,カプ・ブルル,とちがみポケモン
788,1,カプ・レヒレ,とちがみポケモン
788,9,Tapu Fini,Land Spirit Pokémon
788,11,カプ・レヒレ,とちがみポケモン
789,1,コスモッグ,せいうんポケモン
789,9,Cosmog,Nebula Pokémon
789,11,コスモッグ,せいうんポケモン
790,1,コスモウム,げんしせいポケモン
790,9,Cosmoem,Protostar Pokémon
790,11,コスモウム,げんしせいポケモン
791,1,ソルガレオ,にちりんポケモン
791,9,Solgaleo,Sunne Pokémon
791,11,ソルガレオ,にちりんポケモン
792,1,ルナアーラ,がちりんポケモン
792,9,Lunala,Moone Pokémon
792,11,ルナアーラ,がちりんポケモン
793,1,ウツロイド,きせいポケモン
793,9,Nihilego,Parasite Pokémon
793,11,ウツロイド,きせいポケモン
794,1,マッシブーン,ぼうちょうポケモン
794,9,Buzzwole,Swollen Pokémon
794,11,マッシブーン,ぼうちょうポケモン
795,1,フェローチェ,えんびポケモン
795,9,Pheromosa,Lissome Pokémon
795,11,フェローチェ,えんびポケモン
796,1,デンジュモク,でんしょくポケモン
796,9,Xurkitree,Glowing Pokémon
796,11,デンジュモク,でんしょくポケモン
797,1,テッカグヤ,うちあげポケモン
797,9,Celesteela,Launch Pokémon
797,11,テッカグヤ,うちあげポケモン
798,1,カミツルギ,ばっとうポケモン
798,9,Kartana,Drawn Sword Pokémon
798,11,カミツルギ,ばっとうポケモン
799,1,アクジキング,あくじきポケモン
799,9,Guzzlord,Junkivore Pokémon
799,11,アクジキング,あくじきポケモン
800,1,ネクロズマ,プリズムポケモン
800,9,Necrozma,Prism Pokémon
800,11,ネクロズマ,プリズムポケモン
801,1,マギアナ,じんぞうポケモン
801,9,Magearna,Artificial Pokémon
801,11,マギアナ,じんぞうポケモン
802,1,マーシャドー,かげすみポケモン
802,9,Marshadow,Gloomdweller Pokémon
802,11,マーシャドー,かげすみポケモン
803,1,ベベノム,どくばりポケモン
803,9,Poipole,Poison Pin Pokémon
803,11,ベベノム,どくばりポケモン
804,1,アーゴヨン,どくばりポケモン
804,9,Naganadel,Poison Pin Pokémon
804,11,アーゴヨン,どくばりポケモン
805,1,ツンデツンデ,いしがきポケモン
805,9,Stakataka,Rampart Pokémon
805,11,ツンデツンデ,いしがきポケモン
806,1,ズガドーン,はなびポケモン
806,9,Blacephalon,Fireworks Pokémon
806,11,ズガドーン,はなびポケモン
807,1,ゼラオラ,じんらいポケモン
807,9,Zeraora,Thunderclap Pokémon
807,11,ゼラオラ,じんらいポケモン
808,1,メルタン,ナットポケモン
808,9,Meltan,Hex Nut Pokémon
808,11,メルタン,ナットポケモン
809,1,メルメタル,ナットポケモン
809,9,Melmetal,Hex Nut Pokémon
809,11,メルメタル,ナットポケモン
810,1,サルノリ,こざるポケモン
810,9,Grookey,Chimp Pokémon
810,11,サルノリ,こざるポケモン
811,1,バチンキー,ビートポケモン
811,9,Thwackey,Beat Pokémon
811,11,バチンキー,ビートポケモン
812,1,ゴリランダー,ドラマーポケモン
812,9,Rillaboom,Drummer Pokémon
812,11,ゴリランダー,ドラマーポケモン
813,1,ヒバニー,うさぎポケモン
813,9,Scorbunny,Rabbit Pokémon
813,11,ヒバニー,うさぎポケモン
814,1,ラビフット,うさぎポケモン
814,9,Raboot,Rabbit Pokémon
814,11,ラビフット,うさぎポケモン
815,1,エースバーン,ストライカーポケモン
815,9,Cinderace,Striker Pokémon
815,11,エースバーン,ストライカーポケモン
816,1,メッソン,みずとかげポケモン
816,9,Sobble,Water Lizard Pokémon
816,11,メッソン,みずとかげポケモン
817,1,ジメレオン,みずとかげポケモン
817,9,Drizzile,Water Lizard Pokémon
817,11,ジメレオン,みずとかげポケモン
818,1,インテレオン,エージェントポケモン
818,9,Inteleon,Secret Agent Pokémon
818,11,インテレオン,エージェントポケモン
819,1,ホシガリス,ほおばりポケモン
819,9,Skwovet,Cheeky Pokémon
819,11,ホシガリス,ほおばりポケモン
820,1,ヨクバリス,よくばりポケモン
820,9,Greedent,Greedy Pokémon
820,11,ヨクバリス,よくばりポケモン
821,1,ココガラ,ことりポケモン
821,9,Rookidee,Tiny Bird Pokémon
821,11,ココガラ,ことりポケモン
822,1,アオガラス,カラスポケモン
822,9,Corvisquire,Raven Pokémon
822,11,アオガラス,カラスポケモン
823,1,アーマーガア,カラスポケモン
823,9,Corviknight,Raven Pokémon
823,11,アーマーガア,カラスポケモン
824,1,サッチムシ,ようちゅうポケモン
824,9,Blipbug,Larva Pokémon
824,11,サッチムシ,ようちゅうポケモン
825,1,レドームシ,レドームポケモン
825,9,Dottler,Radome Pokémon
825,11,レドームシ,レドームポケモン
826,1,イオルブ,ななほしポケモン
826,9,Orbeetle,Seven Spot Pokémon
826,11,イオルブ,ななほしポケモン
827,1,クスネ,きつねポケモン
827,9,Nickit,Fox Pokémon
827,11,クスネ,きつねポケモン
828,1,フォクスライ,きつねポケモン
828,9,Thievul,Fox Pokémon
828,11,フォクスライ,きつねポケモン
829,1,ヒメンカ,はなかざりポケモン
829,9,Gossifleur,Flowering Pokémon
829,11,ヒメンカ,はなかざりポケモン
830,1,ワタシラガ,わたかざりポケモン
830,9,Eldegoss,Cotton Bloom Pokémon
830,11,ワタシラガ,わたかざりポケモン
831,1,ウールー,ひつじポケモン
831,9,Wooloo,Sheep Pokémon
831,11,ウールー,ひつじポケモン
832,1,バイウールー,ひつじポケモン
832,9,Dubwool,Sheep Pokémon
832,11,バイウールー,ひつじポケモン
833,1,カムカメ,くいつきポケモン
833,9,Chewtle,Snapping Pokémon
833,11,カムカメ,くいつきポケモン
834,1,カジリガメ,かみつきポケモン
834,9,Drednaw,Bite Pokémon
834,11,カジリガメ,かみつきポケモン
835,1,ワンパチ,こいぬポケモン
835,9,Yamper,Puppy Pokémon
835,11,ワンパチ,こいぬポケモン
836,1,パルスワン,いぬポケモン
836,9,Boltund,Dog Pokémon
836,11,パルスワン,いぬポケモン
837,1,タンドン,せきたんポケモン
837,9,Rolycoly,Coal Pokémon
837,11,タンドン,せきたんポケモン
838,1,トロッゴン,せきたんポケモン
838,9,Carkol,Coal Pokémon
838,11,トロッゴン,せきたんポケモン
839,1,セキタンザン,せきたんポケモン
839,9,Coalossal,Coal Pokémon
839,11,セキタンザン,せきたんポケモン
840,1,カジッチュ,りんごぐらしポケモン
840,9,Applin,Apple Core Pokémon
840,11,カジッチュ,りんごぐらしポケモン
841,1,アップリュー,りんごはねポケモン
841,9,Flapple,Apple Wing Pokémon
841,11,アップリュー,りんごはねポケモン
842,1,タルップル,りんごじるポケモン
842,9,Appletun,Apple Nectar Pokémon
842,11,タルップル,りんごじるポケモン
843,1,スナヘビ,すなへびポケモン
843,9,Silicobra,Sand Snake Pokémon
843,11,スナヘビ,すなへびポケモン
844,1,サダイジャ,すなへびポケモン
844,9,Sandaconda,Sand Snake Pokémon
844,11,サダイジャ,すなへびポケモン
845,1,ウッウ,うのみポケモン
845,9,Cramorant,Gulp Pokémon
845,11,ウッウ,うのみポケモン
846,1,サシカマス,とつげきポケモン
846,9,Arrokuda,Rush Pokémon
846,11,サシカマス,とつげきポケモン
847,1,カマスジョー,くしざしポケモン
847,9,Barraskewda,Skewer Pokémon
847,11,カマスジョー,くしざしポケモン
848,1,エレズン,あかごポケモン
848,9,Toxel,Baby Pokémon
848,11,エレズン,あかごポケモン
849,1,ストリンダー,パンクポケモン
849,9,Toxtricity,Punk Pokémon
849,11,ストリンダー,パンクポケモン
850,1,ヤクデ,はつねつポケモン
850,9,Sizzlipede,Radiator Pokémon
850,11,ヤクデ,はつねつポケモン
851,1,マルヤクデ,はつねつポケモン
851,9,Centiskorch,Radiator Pokémon
851,11,マルヤクデ,はつねつポケモン
852,1,タタッコ,だだっこポケモン
852,9,Clobbopus,Tantrum Pokémon
852,11,タタッコ,だだっこポケモン
853,1,オトスパス,じゅうじゅつポケモン
853,9,Grapploct,Jujitsu Pokémon
853,11,オトスパス,じゅうじゅつポケモン
854,1,ヤバチャ,こうちゃポケモン
854,9,Sinistea,Black Tea Pokémon
854,11,ヤバチャ,こうちゃポケモン
855,1,ポットデス,こうちゃポケモン
855,9,Polteageist,Black Tea Pokémon
855,11,ポットデス,こうちゃポケモン
856,1,ミブリム,おだやかポケモン
856,9,Hatenna,Calm Pokémon
856,11,ミブリム,おだやかポケモン
857,1,テブリム,せいしゅくポケモン
857,9,Hattrem,Serene Pokémon
857,11,テブリム,せいしゅくポケモン
858,1,ブリムオン,せいじゃくポケモン
858,9,Hatterene,Silent Pokémon
858,11,ブリムオン,せいじゃくポケモン
859,1,ベロバー,いじわるポケモン
859,9,Impidimp,Wily Pokémon
859,11,ベロバー,いじわるポケモン
860,1,ギモー,しょうわるポケモン
860,9,Morgrem,Devious Pokémon
860,11,ギモー,しょうわるポケモン
861,1,オーロンゲ,ビルドアップポケモン
861,9,Grimmsnarl,Bulk Up Pokémon
861,11,オーロンゲ,ビルドアップポケモン
862,1,タチフサグマ,ていしポケモン
862,9,Obstagoon,Blocking Pokémon
862,11,タチフサグマ,ていしポケモン
863,1,ニャイキング,バイキングポケモン
863,9,Perrserker,Viking Pokémon
863,11,ニャイキング,バイキングポケモン
864,1,サニゴーン,さんごポケモン
864,9,Cursola,Coral Pokémon
864,11,サニゴーン,さんごポケモン
865,1,ネギガナイト,かるがもポケモン
865,9,Sirfetch’d,Wild Duck Pokémon
865,11,ネギガナイト,かるがもポケモン
866,1,バリコオル,コメディアンポケモン
866,9,Mr. Rime,Comedian Pokémon
866,11,バリコオル,コメディアンポケモン
867,1,デスバーン,おんねんポケモン
867,9,Runerigus,Grudge Pokémon
867,11,デスバーン,おんねんポケモン
868,1,マホミル,クリームポケモン
868,9,Milcery,Cream Pokémon
868,11,マホミル,クリームポケモン
869,1,マホイップ,クリームポケモン
869,9,Alcremie,Cream Pokémon
869,11,マホイップ,クリームポケモン
870,1,タイレーツ,じんけいポケモン
870,9,Falinks,Formation Pokémon
870,11,タイレーツ,じんけいポケモン
871,1,バチンウニ,うにポケモン
871,9,Pincurchin,Sea Urchin Pokémon
871,11,バチンウニ,うにポケモン
872,1,ユキハミ,いもむしポケモン
872,9,Snom,Worm Pokémon
872,11,ユキハミ,いもむしポケモン
873,1,モスノウ,こおりがポケモン
873,9,Frosmoth,Frost Moth Pokémon
873,11,モスノウ,こおりがポケモン
874,1,イシヘンジン,きょせきポケモン
874,9,Stonjourner,Big Rock Pokémon
874,11,イシヘンジン,きょせきポケモン
875,1,コオリッポ,ペンギンポケモン
875,9,Eiscue,Penguin Pokémon
875,11,コオリッポ,ペンギンポケモン
876,1,イエッサン,かんじょうポケモン
876,9,Indeedee,Emotion Pokémon
876,11,イエッサン,かんじょうポケモン
877,1,モルペコ,にめんポケモン
877,9,Morpeko,Two-Sided Pokémon
877,11,モルペコ,にめんポケモン
878,1,ゾウドウ,どうぞうポケモン
878,9,Cufant,Copperderm Pokémon
878,11,ゾウドウ,どうぞうポケモン
879,1,ダイオウドウ,どうぞうポケモン
879,9,Copperajah,Copperderm Pokémon
879,11,ダイオウドウ,どうぞうポケモン
880,1,パッチラゴン,かせきポケモン
880,9,Dracozolt,Fossil Pokémon
880,11,パッチラゴン,かせきポケモン
881,1,パッチルドン,かせきポケモン
881,9,Arctozolt,Fossil Pokémon
881,11,パッチルドン,かせきポケモン
882,1,ウオノラゴン,かせきポケモン
882,9,Dracovish,Fossil Pokémon
882,11,ウオノラゴン,かせきポケモン
883,1,ウオチルドン,かせきポケモン
883,9,Arctovish,Fossil Pokémon
883,11,ウオチルドン,かせきポケモン
884,1,ジュラルドン,ごうきんポケモン
884,9,Duraludon,Alloy Pokémon
884,11,ジュラルドン,ごうきんポケモン
885,1,ドラメシヤ,うらめしポケモン
885,9,Dreepy,Lingering Pokémon
885,11,ドラメシヤ,うらめしポケモン
886,1,ドロンチ,せわやくポケモン
886,9,Drakloak,Caretaker Pokémon
886,11,ドロンチ,せわやくポケモン
887,1,ドラパルト,ステルスポケモン
887,9,Dragapult,Stealth Pokémon
887,11,ドラパルト,ステルスポケモン
888,1,ザシアン,つわものポケモン
888,9,Zacian,Warrior Pokémon
888,11,ザシアン,つわものポケモン
889,1,ザマゼンタ,つわものポケモン
889,9,Zamazenta,Warrior Pokémon
889,11,ザマゼンタ,つわものポケモン
890,1,ムゲンダイナ,キョダイポケモン
890,9,Eternatus,Gigantic Pokémon
890,11,ムゲンダイナ,キョダイポケモン
891,1,ダクマ,けんぽうポケモン
891,9,Kubfu,Wushu Pokémon
891,11,ダクマ,けんぽうポケモン
892,1,ウーラオス,けんぽうポケモン
892,9,Urshifu,Wushu Pokémon
892,11,ウーラオス,けんぽうポケモン
893,1,ザルード,わるざるポケモン
893,9,Zarude,Rogue Monkey Pokémon
893,11,ザルード,わるざるポケモン
894,1,レジエレキ,エレクトロンポケモン
894,9,Regieleki,Electron Pokémon
894,11,レジエレキ,エレクトロンポケモン
895,1,レジドラゴ,りゅうぎょくポケモン
895,9,Regidrago,Dragon Orb Pokémon
895,11,レジドラゴ,りゅうぎょくポケモン
896,1,ブリザポス,あばれうまポケモン
896,9,Glastrier,Wild Horse Pokémon
896,11,ブリザポス,あばれうまポケモン
897,1,レイスポス,しゅんばポケモン
897,9,Spectrier,Swift Horse Pokémon
897,11,レイスポス,しゅんばポケモン
898,1,バドレックス,キングポケモン
898,9,Calyrex,King Pokémon
898,11,バドレックス,キングポケモン
899,1,アヤシシ,おおツノポケモン
899,9,Wyrdeer,Big Horn Pokémon
899,11,アヤシシ,おおツノポケモン
900,1,バサギリ,まさかりポケモン
900,9,Kleavor,Axe Pokémon
900,11,バサギリ,まさかりポケモン
901,1,ガチグマ,でいたんポケモン
901,9,Ursaluna,Peat Pokémon
901,11,ガチグマ,でいたんポケモン
902,1,イダイトウ,おおうおポケモン
902,9,Basculegion,Big Fish Pokémon
902,11,イダイトウ,おおうおポケモン
903,1,オオニューラ,クライミングポケモン
903,9,Sneasler,Free Climb Pokémon
903,11,オオニューラ,クライミングポケモン
904,1,ハリーマン,けんざんポケモン
904,9,Overqwil,Pin Cluster Pokémon
904,11,ハリーマン,けんざんポケモン
905,1,ラブトロス,あいぞうポケモン
905,9,Enamorus,Love-Hate Pokémon
905,11,ラブトロス,あいぞうポケモン
906,1,ニャオハ,くさねこポケモン
906,9,Sprigatito,Grass Cat Pokémon
906,11,ニャオハ,
907,1,ニャローテ,くさねこポケモン
907,9,Floragato,Grass Cat Pokémon
907,11,ニャローテ,
908,1,マスカーニャ,マジシャンポケモン
908,9,Meowscarada,Magician Pokémon
908,11,マスカーニャ,
909,1,ホゲータ,ほのおワニポケモン
909,9,Fuecoco,Fire Croc Pokémon
909,11,ホゲータ,
910,1,アチゲータ,ほのおワニポケモン
910,9,Crocalor,Fire Croc Pokémon
910,11,アチゲータ,
911,1,ラウドボーン,シンガーポケモン
911,9,Skeledirge,Singer Pokémon
911,11,ラウドボーン,
912,1,クワッス,こがもポケモン
912,9,Quaxly,Duckling Pokémon
912,11,クワッス,
913,1,ウェルカモ,レッスンポケモン
913,9,Quaxwell,Practicing Pokémon
913,11,ウェルカモ,
914,1,ウェーニバル,ダンサーポケモン
914,9,Quaquaval,Dancer Pokémon
914,11,ウェーニバル,
915,1,グルトン,ぶたポケモン
915,9,Lechonk,Hog Pokémon
915,11,グルトン,
916,1,パフュートン,ぶたポケモン
916,9,Oinkologne,Hog Pokémon
916,11,パフュートン,
917,1,タマンチュラ,いとだまポケモン
917,9,Tarountula,String Ball Pokémon
917,11,タマンチュラ,
918,1,ワナイダー,トラップポケモン
918,9,Spidops,Trap Pokémon
918,11,ワナイダー,
919,1,マメバッタ,バッタポケモン
919,9,Nymble,Grasshopper Pokémon
919,11,マメバッタ,
920,1,エクスレッグ,バッタポケモン
920,9,Lokix,Grasshopper Pokémon
920,11,エクスレッグ,
921,1,パモ,ねずみポケモン
921,9,Pawmi,Mouse Pokémon
921,11,パモ,
922,1,パモット,ねずみポケモン
922,9,Pawmo,Mouse Pokémon
922,11,パモット,
923,1,パーモット,てあてポケモン
923,9,Pawmot,Hands-On Pokémon
923,11,パーモット,
924,1,ワッカネズミ,カップルポケモン
924,9,Tandemaus,Couple Pokémon
924,11,ワッカネズミ,
925,1,イッカネズミ,ファミリーポケモン
925,9,Maushold,Family Pokémon
925,11,イッカネズミ,
926,1,パピモッチ,こいぬポケモン
926,9,Fidough,Puppy Pokémon
926,11,パピモッチ,
927,1,バウッツェル,いぬポケモン
927,9,Dachsbun,Dog Pokémon
927,11,バウッツェル,
928,1,ミニーブ,オリーブポケモン
928,9,Smoliv,Olive Pokémon
928,11,ミニーブ,
929,1,オリーニョ,オリーブポケモン
929,9,Dolliv,Olive Pokémon
929,11,オリーニョ,
930,1,オリーヴァ,オリーブポケモン
930,9,Arboliva,Olive Pokémon
930,11,オリーヴァ,
931,1,イキリンコ,インコポケモン
931,9,Squawkabilly,Parrot Pokémon
931,11,イキリンコ,
932,1,コジオ,がんえんポケモン
932,9,Nacli,Rock Salt Pokémon
932,11,コジオ,
933,1,ジオヅム,がんえんポケモン
933,9,Naclstack,Rock Salt Pokémon
933,11,ジオヅム,
934,1,キョジオーン,がんえんポケモン
934,9,Garganacl,Rock Salt Pokémon
934,11,キョジオーン,
935,1,カルボウ,ひのこポケモン
935,9,Charcadet,Fire Child Pokémon
935,11,カルボウ,
936,1,グレンアルマ,ひのせんしポケモン
936,9,Armarouge,Fire Warrior Pokémon
936,11,グレンアルマ,
937,1,ソウブレイズ,ひのけんしポケモン
937,9,Ceruledge,Fire Blades Pokémon
937,11,ソウブレイズ,
938,1,ズピカ,でんきおたまポケモン
938,9,Tadbulb,EleTadpole Pokémon
938,11,ズピカ,
939,1,ハラバリー,でんきがえるポケモン
939,9,Bellibolt,EleFrog Pokémon
939,11,ハラバリー,
940,1,カイデン,うみつばめポケモン
940,9,Wattrel,Storm Petrel Pokémon
940,11,カイデン,
941,1,タイカイデン,ぐんかんどりポケモン
941,9,Kilowattrel,Frigatebird Pokémon
941,11,タイカイデン,
942,1,オラチフ,わかぞうポケモン
942,9,Maschiff,Rascal Pokémon
942,11,オラチフ,
943,1,マフィティフ,おやぶんポケモン
943,9,Mabosstiff,Boss Pokémon
943,11,マフィティフ,
944,1,シルシュルー,どくねずみポケモン
944,9,Shroodle,Toxic Mouse Pokémon
944,11,シルシュルー,
945,1,タギングル,どくざるポケモン
945,9,Grafaiai,Toxic Monkey Pokémon
945,11,タギングル,
946,1,アノクサ,ころがりぐさポケモン
946,9,Bramblin,Tumbleweed Pokémon
946,11,アノクサ,
947,1,アノホラグサ,ころがりぐさポケモン
947,9,Brambleghast,Tumbleweed Pokémon
947,11,アノホラグサ,
948,1,ノノクラゲ,きくらげポケモン
948,9,Toedscool,Woodear Pokémon
948,11,ノノクラゲ,
949,1,リククラゲ,きくらげポケモン
949,9,Toedscruel,Woodear Pokémon
949,11,リククラゲ,
950,1,ガケガニ,まちぶせポケモン
950,9,Klawf,Ambush Pokémon
950,11,ガケガニ,
951,1,カプサイジ,ハバネロポケモン
951,9,Capsakid,Spicy Pepper Pokémon
951,11,カプサイジ,
952,1,スコヴィラン,ハバネロポケモン
952,9,Scovillain,Spicy Pepper Pokémon
952,11,スコヴィラン,
953,1,シガロコ,ころがしポケモン
953,9,Rellor,Rolling Pokémon
953,11,シガロコ,
954,1,ベラカス,ころがしポケモン
954,9,Rabsca,Rolling Pokémon
954,11,ベラカス,
955,1,ヒラヒナ,フリルポケモン
955,9,Flittle,Frill Pokémon
955,11,ヒラヒナ,
956,1,クエスパトラ,ダチョウポケモン
956,9,Espathra,Ostrich Pokémon
956,11,クエスパトラ,
957,1,カヌチャン,かなうちポケモン
957,9,Tinkatink,Metalsmith Pokémon
957,11,カヌチャン,
958,1,ナカヌチャン,ハンマーポケモン
958,9,Tinkatuff,Hammer Pokémon
958,11,ナカヌチャン,
959,1,デカヌチャン,ハンマーポケモン
959,9,Tinkaton,Hammer Pokémon
959,11,デカヌチャン,
960,1,ウミディグダ,あなごポケモン
960,9,Wiglett,Garden Eel Pokémon
960,11,ウミディグダ,
961,1,ウミトリオ,あなごポケモン
961,9,Wugtrio,Garden Eel Pokémon
961,11,ウミトリオ,
962,1,オトシドリ,おとしものポケモン
962,9,Bombirdier,Item Drop Pokémon
962,11,オトシドリ,
963,1,ナミイルカ,イルカポケモン
963,9,Finizen,Dolphin Pokémon
963,11,ナミイルカ,
964,1,イルカマン,イルカポケモン
964,9,Palafin,Dolphin Pokémon
964,11,イルカマン,
965,1,ブロロン,たんきとうポケモン
965,9,Varoom,Single-Cyl Pokémon
965,11,ブロロン,
966,1,ブロロローム,たきとうポケモン
966,9,Revavroom,Multi-Cyl Pokémon
966,11,ブロロローム,
967,1,モトトカゲ,ライドポケモン
967,9,Cyclizar,Mount Pokémon
967,11,モトトカゲ,
968,1,ミミズズ,ミミズポケモン
968,9,Orthworm,Earthworm Pokémon
968,11,ミミズズ,
969,1,キラーメ,こうせきポケモン
969,9,Glimmet,Ore Pokémon
969,11,キラーメ,
970,1,キラフロル,こうせきポケモン
970,9,Glimmora,Ore Pokémon
970,11,キラフロル,
971,1,ボチ,おばけいぬポケモン
971,9,Greavard,Ghost Dog Pokémon
971,11,ボチ,
972,1,ハカドッグ,おばけいぬポケモン
972,9,Houndstone,Ghost Dog Pokémon
972,11,ハカドッグ,
973,1,カラミンゴ,シンクロポケモン
973,9,Flamigo,Synchronize Pokémon
973,11,カラミンゴ,
974,1,アルクジラ,りくくじらポケモン
974,9,Cetoddle,Terra Whale Pokémon
974,11,アルクジラ,
975,1,ハルクジラ,りくくじらポケモン
975,9,Cetitan,Terra Whale Pokémon
975,11,ハルクジラ,
976,1,ミガルーサ,きりはなしポケモン
976,9,Veluza,Jettison Pokémon
976,11,ミガルーサ,
977,1,ヘイラッシャ,おおなまずポケモン
977,9,Dondozo,Big Catfish Pokémon
977,11,ヘイラッシャ,
978,1,シャリタツ,ぎたいポケモン
978,9,Tatsugiri,Mimicry Pokémon
978,11,シャリタツ,
979,1,コノヨザル,ふんどざるポケモン
979,9,Annihilape,Rage Monkey Pokémon
979,11,コノヨザル,
980,1,ドオー,とげうおポケモン
980,9,Clodsire,Spiny Fish Pokémon
980,11,ドオー,
981,1,リキキリン,くびながポケモン
981,9,Farigiraf,Long Neck Pokémon
981,11,リキキリン,
982,1,ノココッチ,つちへびポケモン
982,9,Dudunsparce,Land Snake Pokémon
982,11,ノココッチ,
983,1,ドドゲザン,だいとうポケモン
983,9,Kingambit,Big Blade Pokémon
983,11,ドドゲザン,
984,1,イダイナキバ,パラドックスポケモン
984,9,Great Tusk,Paradox Pokémon
984,11,イダイナキバ,
985,1,サケブシッポ,パラドックスポケモン
985,9,Scream Tail,Paradox Pokémon
985,11,サケブシッポ,
986,1,アラブルタケ,パラドックスポケモン
986,9,Brute Bonnet,Paradox Pokémon
986,11,アラブルタケ,
987,1,ハバタクカミ,パラドックスポケモン
987,9,Flutter Mane,Paradox Pokémon
987,11,ハバタクカミ,
988,1,チヲハウハネ,パラドックスポケモン
988,9,Slither Wing,Paradox Pokémon
988,11,チヲハウハネ,
989,1,スナノケガワ,パラドックスポケモン
989,9,Sandy Shocks,Paradox Pokémon
989,11,スナノケガワ,
990,1,テツノワダチ,パラドックスポケモン
990,9,Iron Treads,Paradox Pokémon
990,11,テツノワダチ,
991,1,テツノツツミ,パラドックスポケモン
991,9,Iron Bundle,Paradox Pokémon
991,11,テツノツツミ,
992,1,テツノカイナ,パラドックスポケモン
992,9,Iron Hands,Paradox Pokémon
992,11,テツノカイナ,
993,1,テツノコウベ,パラドックスポケモン
993,9,Iron Jugulis,Paradox Pokémon
993,11,テツノコウベ,
994,1,テツノドクガ,パラドックスポケモン
994,9,Iron Moth,Paradox Pokémon
994,11,テツノドクガ,
995,1,テツノイバラ,パラドックスポケモン
995,9,Iron Thorns,Paradox Pokémon
995,11,テツノイバラ,
996,1,セビエ,こおりビレポケモン
996,9,Frigibax,Ice Fin Pokémon
996,11,セビエ,
997,1,セゴール,こおりビレポケモン
997,9,Arctibax,Ice Fin Pokémon
997,11,セゴール,
998,1,セグレイブ,ひょうりゅうポケモン
998,9,Baxcalibur,Ice Dragon Pokémon
998,11,セグレイブ,
999,1,コレクレー,たからばこポケモン
999,9,Gimmighoul,Coin Chest Pokémon
999,11,コレクレー,
1000,1,サーフゴー,たからものポケモン
1000,9,Gholdengo,Coin Entity Pokémon
1000,11,サーフゴー,
1001,1,チオンジェン,さいやくポケモン
1001,9,Wo-Chien,Ruinous Pokémon
1001,11,チオンジェン,
1002,1,パオジアン,さいやくポケモン
1002,9,Chien-Pao,Ruinous Pokémon
1002,11,パオジアン,
1003,1,ディンルー,さいやくポケモン
1003,9,Ting-Lu,Ruinous Pokémon
1003,11,ディンルー,
1004,1,イーユイ,さいやくポケモン
1004,9,Chi-Yu,Ruinous Pokémon
1004,11,イーユイ,
1005,1,トドロクツキ,パラドックスポケモン
1005,9,Roaring Moon,Paradox Pokémon
1005,11,トドロクツキ,
1006,1,テツノブジン,パラドックスポケモン
1006,9,Iron Valiant,Paradox Pokémon
1006,11,テツノブジン,
1007,1,コライドン,パラドックスポケモン
1007,9,Koraidon,Paradox Pokémon
1007,11,コライドン,
1008,1,ミライドン,パラドックスポケモン
1008,9,Miraidon,Paradox Pokémon
1008,11,ミライドン,
1009,1,ウネルミナモ,パラドックスポケモン
1009,9,Walking Wake,Paradox Pokémon
1009,11,ウネルミナモ,
1010,1,テツノイサハ,パラドックスポケモン
1010,9,Iron Leaves,Paradox Pokémon
1010,11,テツノイサハ,
1011,1,カミッチュ,
1011,9,Dipplin,Candy Apple Pokémon
1011,11,カミッチュ,
1012,1,チャデス,
1012,9,Poltchageist,Matcha Pokémon
1012,11,チャデス,
1013,1,ヤバソチャ,
1013,9,Sinistcha,Matcha Pokémon
1013,11,ヤバソチャ,
1014,1,イイネイヌ,
1014,9,Okidogi,Retainer Pokémon
1014,11,イイネイヌ,
1015,1,マシマシラ,
1015,9,Munkidori,Retainer Pokémon
1015,11,マシマシラ,
1016,1,キチキギス,
1016,9,Fezandipiti,Retainer Pokémon
1016,11,キチキギス,
1017,1,オーガポン,
1017,9,Ogerpon,Mask Pokémon
1017,11,オーガポン,
1018,1,ブリジュラス,ごうきんポケモン
1018,9,Archaludon,Alloy Pokémon
1018,11,ブリジュラス,ごうきんポケモン
1019,1,カミツオロチ,りんごオロチポケモン
1019,9,Hydrapple,Apple Hydra Pokémon
1019,11,カミツオロチ,りんごオロチポケモン
1020,1,ウガツホムラ,パラドックスポケモン
1020,9,Gouging Fire,Paradox Pokémon
1020,11,ウガツホムラ,パラドックスポケモン
1021,1,タケルライコ,パラドックスポケモン
1021,9,Raging Bolt,Paradox Pokémon
1021,11,タケルライコ,パラドックスポケモン
1022,1,テツノイワオ,パラドックスポケモン
1022,9,Iron Boulder,Paradox Pokémon
1022,11,テツノイワオ,パラドックスポケモン
1023,1,テツノカシラ,パラドックスポケモン
1023,9,Iron Crown,Paradox Pokémon
1023,11,テツノカシラ,パラドックスポケモン
1024,1,テラパゴス,テラスタルポケモン
1024,9,Terapagos,Tera Pokémon
1024,11,テラパゴス,テラスタルポケモン
1025,1,モモワロウ,しはいポケモン
1025,9,Pecharunt,Subjugation Pokémon
1025,11,モモワロウ,しはいポケモン
